author,comment,time,votes
@EmanPasquali,"It is 
very funnyğŸ˜‚ğŸ˜‚",2 days ago,0
@tonychristoffels5685,"2025, are you here ?ğŸ˜‚ğŸ¤",2 weeks ago,2
@Brastonjalatachimbwete,"ğŸ¤£ğŸ¤£ğŸ¤£ @Benz 10, never disappoint, and k brown",2 weeks ago,0
@Brastonjalatachimbwete,We are here 2025 October,2 weeks ago,0
@SaiKarate-y7l2v,Something is smelling ğŸ˜…ğŸ˜…ğŸ˜‚shu menğŸ˜…,1 month ago,0
@blurdream,"Watching in September 2025, still one of the bestâ¤",1 month ago,0
@PurrfectPalsAI,still the best in these days HAHAHAHA,1 month ago,0
@GiannaSmall1,Anyone here august 2025?ğŸ˜‚,2 months ago,1
@MarkMoitz-h7k,Aug 26 2025ğŸ˜‚,2 months ago,0
@SiyanthandaInam,Nice trie Emanuel,2 months ago,0
@BabiryeJawuharah,I can't stop laughing ğŸ˜‚,2 months ago,0
@SaimonRamires-do6jq,"Even denilson was warning us about trump six year ago. ğŸ˜‚ğŸ˜‚ğŸ˜‚ğŸ˜‚ğŸ˜‚
Trump has kill me oooooğŸ˜‚ğŸ˜‚ğŸ˜‚ğŸ˜‚",2 months ago,0
@drcathymwesigwa9080,0:20  what did he sayğŸ˜‚,2 months ago,0
@immanuelm4579,2025 we are still here,2 months ago,2
@NicoleAdatsi-ug9bc,ğŸ˜‚ğŸ˜‚ğŸ˜‚ğŸ˜‚,2 months ago,0
@EmmanuelKiyindou,Why is he talking like that?,2 months ago,0
@SammoyaSuban,Who's here in 2025,3 months ago,1
@OmorinadeBanjo,ğŸ˜‚ğŸ˜‚ğŸ˜‚ğŸ˜‚ğŸ˜‚ğŸ˜‚ğŸ˜‚ğŸ˜‚ğŸ˜‚,3 months ago,0
@Mutembei-tv,Who is here  2100,3 months ago (edited),0
@sineee_was10,ğŸ˜ğŸ˜ğŸ˜ğŸ˜ğŸŒºğŸ˜­,3 months ago,0
@sineee_was10,3:30 ğŸ˜‚ğŸ˜‚,3 months ago,0
@StellaBluecy,"Me still here in 2025 and it's still this funny chaiiii ğŸ˜…ğŸ˜‚ğŸ˜…ğŸ˜…
Shu!!!!ğŸ˜…ğŸ˜…ğŸ˜…ğŸ˜…ğŸ˜‚ğŸ˜‚ğŸ˜‚ğŸ˜‚",3 months ago,0
@SalimJibril-p5f,ğŸ˜‚ğŸ˜‚ğŸ˜‚ğŸ˜‚ğŸ˜‚ğŸ˜‚ğŸ˜‚,3 months ago,0
@kingsleymills4635,I really can't believe this guy exploited Emmanuella for years. Made millions of her n still couldn't help her change her life . KARMA will hit you when u least expect it. God n the gods of this universe will make a fool out of you in no time n money can't save you. GREEDY BASTA*D,3 months ago,0
@DanielAmeyawttxn,come to trinidad first,3 months ago,0
@colinsfonjiaatem1859,So funny ğŸ˜‚ğŸ˜‚ğŸ‰I love it,4 months ago,0
@SandraAw-b4s,Who is here in 2025 june 29thâ¤ğŸ˜‚ğŸ˜ŠğŸ˜…,4 months ago,0
@MoBLuBSiAb4LiFe,When it was actually good,4 months ago,0
@chrisogada4916,Where is denilson,4 months ago,0
@wwidnaute1263,ğŸ˜‚,4 months ago,0
@NzeValen256,Trump run madoooğŸ˜‚ğŸ˜…,4 months ago,0
@NagaManuK1994,Anyone in june 2025 ?â¤ï¸,4 months ago,1
@isaiahfrancis6442,7:14 Trump has killed me oooh ğŸ˜‚ğŸ˜‚,5 months ago (edited),7
@LeeroyGabriel,ğŸ¤£ğŸ¤£ğŸ¤£,5 months ago,0
@ceideplayz3311,2025 ğŸ˜‚ğŸ˜‚ğŸ˜‚,5 months ago,0
@itsmeNaufalReborn,They should've made an episode called 'Biden'.,5 months ago,0
@Sonramtm78274,Once he take a bath he will be fineğŸ˜…ğŸ˜…ğŸ˜…ğŸ˜…ğŸ˜…,6 months ago,1
@francistladi1789,2025 All they way I'm here,6 months ago,0
@thabangmncwabe3506,"Denilson is mad oo 
I'm from south africa",6 months ago,2
@vivianikheloa4792,No be African they born you,6 months ago,0
@Izabella_belle12,Meee,4 months ago,0
@vivianikheloa4792,Shoo men haha,6 months ago,0
@vivianikheloa4792,Hahaha men men na Trump or drum,6 months ago,0
@AshleyCole-t7f,Who else is her 2025 ğŸ˜‚ğŸ˜…ğŸ˜Š,6 months ago,1
@BeyonceNiyitanga,You still live here men.....men......men i like your comedy much love from Rwanda ğŸ‡·ğŸ‡¼ğŸ‡·ğŸ‡¼ğŸ‡·ğŸ‡¼,6 months ago,1
@SALIBAABA100,2025still shuuuu,6 months ago,1
@SesayMilton-l8v,Congratulations that deniesiel is back,6 months ago,1
@collins8153,Who else is here 2045,6 months ago (edited),2
@paulmatarasonofsoil7453,Dawa ya ndovu â¤â¤â¤â¤kijana soft,6 months ago,1
@Afodis,2025 ?ğŸ˜‚,6 months ago,0
@uzomaugoeze7367,i love you so very much sussing â¤â¤â¤â¤â¤â¤â¤â¤ğŸ˜‚ğŸ˜‚ğŸ˜‚ğŸ˜‚ğŸ˜‚ğŸ˜‚ğŸ˜‚ğŸ‰ğŸ‰ğŸ‰ğŸ‰ğŸ‰ğŸ‰ğŸ‰ğŸ˜¢ğŸ˜¢ğŸ˜¢ğŸ˜¢ğŸ˜¢ğŸ˜¢ğŸ˜®ğŸ˜®ğŸ˜®ğŸ˜®ğŸ˜®ğŸ˜®ğŸ˜…ğŸ˜…ğŸ˜…ğŸ˜…ğŸ˜…ğŸ˜…ğŸ˜ŠğŸ˜ŠğŸ˜ŠğŸ˜ŠğŸ˜Š,6 months ago,0
@Nagakairi-e7d,Anyone 2025? ğŸ˜‚,6 months ago,12
@IniOrimogunje-gw5et,Enlisonday ashay onegay azycray (it's in pig Latin ğŸ– â™¥ï¸ btw),6 months ago (edited),0
@AxroravibesDukuly-tv9wb,First Kanye west now trump  denilson whyyyyğŸ˜‚ğŸ˜‚ğŸ˜‚ğŸ˜‚ğŸ˜Š,7 months ago,7
@nadiatou313,Every time that i want to laught i come watch this video it make my dayğŸ˜…ğŸ˜…ğŸ˜…ğŸ˜…ğŸ˜…put me down right nowğŸ˜‚ğŸ˜‚ğŸ˜‚ğŸ˜‚,7 months ago,0
@MAKAUAIAKA,Who else came after watching kanye west style,7 months ago,0
@thenjiwencube4093,ğŸ˜‚ i can't get tired of thisğŸ˜‚Trump baby,7 months ago,0
@mastergenius6548,0:22 o my nigma ğŸ˜€,7 months ago,31
@ApolotJosephine-d3n,Hahahaha Emmanuelle ğŸ˜‚ğŸ˜‚,7 months ago,0
@TBOYSOCCER,MEN ....... HOW MANY?????,7 months ago,0
@MAKAUAIAKA,Who also came back from watching kanye west,7 months ago,1
@yrase8544,Me!!!! I love watching old mark angel videos they never  fail to make me me laugh ğŸ˜†,3 weeks ago,0
@Ablockin4eva,Frl ğŸ˜‚ğŸ˜‚ğŸ˜‚ğŸ˜‚ğŸ˜‚ğŸ˜‚ğŸ˜‚,3 months ago,3
@harrybanda4791,I had the hardest part believing k brown is black and denilson is brownğŸ˜‚,7 months ago,0
@dusty_wayle,I'll call the po poğŸ˜‚ğŸ˜‚ğŸ˜‚ğŸ˜‚ğŸ˜‚,7 months ago,0
@wiliangbounewmai7155,Not only 2024... We r still watching even in 2025,7 months ago,0
@Fopp217,0:22 mark didnâ€™t look happy and â€œmy n!gg@ mark!â€,7 months ago,0
@HraopouM,Anyone in 2025? ğŸ˜®ğŸ˜Š,7 months ago,2
@T0GA-H1MIK0-1,Who is watching this is 2030,7 months ago,0
@MaduwaSinera-r3f8x,Cute you ğŸ˜‚ğŸ˜‚ğŸ˜‚ğŸ˜‚,7 months ago,0
@inimbechainim8278,Anyone watching in 2025?,7 months ago,0
@angelangonyani9474,he said oh my nigga Mark,8 months ago,0
@FredericaAdjei-x9r,denilson you dyed your hair and beards like'' TRUMP'',8 months ago,0
@nancyokpodjah1947,Me i am form  2025,8 months ago,0
@JeffersorIraborstudios,ğŸ˜‚ğŸ˜‚ğŸ˜‚ğŸ˜‚ğŸ˜‚ğŸ˜‚ğŸ˜‚ğŸ˜‚una wan kill me with laugh ğŸ˜‚ğŸ˜‚ğŸ˜‚ğŸ˜‚ğŸ˜‚ğŸ˜‚,8 months ago,0
@kotswane2661,ğŸ˜‚ğŸ˜‚ğŸ˜‚ğŸ˜‚ğŸ˜‚ğŸ˜‚ğŸ˜‚ğŸ˜‚,8 months ago,0
@KayleeReid-h2g,So. Funny ğŸ¤£ğŸ¤£ğŸ¤£ğŸ¤£ğŸ¤£ğŸ¤£ğŸ˜‚ğŸ¤£ğŸ˜‚ğŸ¤£ğŸ˜‚ğŸ˜‚ğŸ˜‚ğŸ˜‚ğŸ˜‚ğŸ˜‚ğŸ˜‚,8 months ago,0
@CharityChamunorwa-i2w,Who is this ğŸ˜‚ğŸ˜‚ğŸ˜‚ğŸ˜‚ğŸ˜‚ğŸ˜‚ğŸ˜‚ğŸ˜‚ğŸ˜‚ğŸ˜ğŸ˜ğŸ˜ğŸ˜ğŸ˜ğŸ˜ğŸ˜ğŸ˜ğŸ˜ğŸ˜ğŸ˜ğŸ˜ğŸ˜ğŸ˜ğŸ˜ğŸ˜ğŸ˜,8 months ago,1
@MaduwaSinera-r3f8x,ğŸ˜‚ğŸ˜‚ğŸ˜‚ğŸ˜‚ 6:28 put me down right now,8 months ago,2
@mosesireyomi4186,This is why Denilson left Mark Angel comedy.,8 months ago,0
@CristianoJames890,Trump ğŸ˜‚ğŸ˜‚ğŸ˜‚ğŸ˜‚,8 months ago,1
@simmyoption9997,Who's else here 17-02-2025,8 months ago,0
@janemusanduro6135,ğŸ˜‚ğŸ˜‚,8 months ago,0
@FathilaNamugenyi,Trump 00000,8 months ago,0
@RubyKessewaBrakoWiafe,Hahaha ğŸ¤£ğŸ¤£ğŸ¤£ğŸ¤£ denilson came back from the United States â¤â¤â¤,8 months ago,3
@mgouzkilongofficial6410,Anyone watching in 2080,8 months ago,0
@MiguelAlberto425,Me,9 months ago,1
@azichristian5432,Good old days,9 months ago,2
@repostchannel6864,Anyone watching in 2025?,9 months ago,4
@repostchannel6864,Anyone watching in 2025?,9 months ago,2
@repostchannel6864,Anyone watching in 2025?,9 months ago,1
@tash101,Who is here in 2025â¤,9 months ago,2
@Darkdgamerz,Abeg who here in 2025ğŸ˜‚,9 months ago,0
@ElenaRodriguez-s3d,My nigga man ğŸ˜‚ğŸ˜‚ğŸ˜‚ğŸ˜‚ğŸ˜‚ that was so funny,9 months ago,2
@ryan_12345-c,Who is in 2025?ğŸ‰ğŸ‰,9 months ago,0
@MarteyGodwin,Who is in 2029,9 months ago,0
@zawadichari8004,Who is here in 2025,9 months ago,1
@Your_Service2,I miss your joke!,9 months ago,0
@roseese7153,Who is watching in 2025 ğŸ‰ğŸ‰,9 months ago,2
@aishatoufranzoni,Denilson  people will start thinking that we are doing WizkidğŸ¤£ğŸ¤£ğŸ¤£ğŸ¤£,9 months ago (edited),0
@Mikaufiltered,Who else is Here in 2025,9 months ago,281
@Brhane6888,Itâ€™s 2025 still something is smelling ğŸ˜‚ğŸ˜‚,9 months ago,3
@tokpisin,Who is watching in 2025 nowğŸ˜,9 months ago,18
@suleimanmohamoud395,I am ğŸ˜‚,8 months ago,0
@celloudioherediallo1659,I am here,8 months ago,0
@KaramulahiMhiji-kz6dv,Me,6 months ago,1
@SandileNgcobo-js5cf,Im hereğŸ˜‚,8 months ago,0
@AlexBuongthanglien,Me too ğŸ˜‚,8 months ago,2
@CristianoJames890,Me from indian ğŸ‡®ğŸ‡³ğŸ˜‚ğŸ˜‚ğŸ˜‚,8 months ago,0
@Grr-y3h,Meâ¤â¤ğŸ‡¬ğŸ‡­ğŸ‡¬ğŸ‡­,8 months ago,1
@JeffersorIraborstudios,Me ğŸ‡³ğŸ‡¬,8 months ago,1
@alexandraappiagyei3695,Me,7 months ago,0
@lyrics3302,ğŸ˜‚,7 months ago,0
@giovanniadjayi-j3j,me,7 months ago,0
@thenjiwencube4093,We trending babyğŸ˜‚,7 months ago,0
@kaynids1,I am here too dude,6 months ago,0
@ig_kidooxs,Meh ğŸ¤šğŸ»,6 months ago,0
@thabangmncwabe3506,MeğŸ˜‚ğŸ˜‚ğŸ˜‚ğŸ˜‚ğŸ˜‚ğŸ˜‚ğŸ˜‚ğŸ˜‚ğŸ˜‚ğŸ˜‚,6 months ago (edited),0
@rossieboakye8943,Me me 0,5 months ago,0
@israabdulkadir772,MeeeeğŸ˜‚ğŸ˜‚ğŸ˜‚ğŸ˜‚ğŸ˜‚ğŸ˜‚,5 months ago,0
@ngyuxiang9232,Me ğŸš¡ğŸš¡ğŸš¡,5 months ago,0
@EgbuabaCharity,Yh  heee,5 months ago,0
@varaddongarkar4427,Me..,5 months ago,0
@alvinjoseph8724,We deh,4 months ago,0
@EmmanuelKiyindou,"Me!
I got banned from watching it but Iâ€™m unbanned",4 months ago,0
@tsulinsoh4228,ğŸ˜‚ğŸ˜‚ğŸ˜‚,4 months ago,0
@NaomiBochere,And some people are complaining about her ageğŸ˜‚,3 months ago,0
@Larcher-u5m,Me,3 months ago,0
@KaylieMarcelin,Mee ğŸ˜‚,2 months ago (edited),0
@jsabrownskinvillann,Meteeeee,1 month ago,0
@yrase8544,Me!!!! ğŸ˜Š I love  watching  old mark angel videos they never fail to make I laugh after years I still love mark angel videos,3 weeks ago,0
@MusaJonesJR,ğŸ–ï¸,2 weeks ago,0
@ronin7176,Your father,3 days ago,0
@atonggai3946,Mee,3 days ago,1
@stunnabank,ğŸ˜‚ğŸ˜‚,9 months ago,0
@villageois-n9d,Shu...,7 months ago,0
@Aisha-f5t,Mi,4 months ago,0
@LinazoLugalo,Who else is here in 2025,10 months ago,0
@Blessed-Infinitely,Anyone here inâ€¦.. 2025?!!! ğŸ˜Š,10 months ago (edited),3
@primeRedx-11,2025 anyone ğŸ˜‚,10 months ago,0
@majorking1233,Who else is here in 2025,10 months ago,1
@skylar426,Anyone in 2025ğŸ‰,10 months ago,7
@AyerlaWellington,Anyone watching this in 2024 ğŸ˜‚ğŸ–,10 months ago,0
@wesleytibihenda5094,2024 still laughing,10 months ago,0
@TamariMufabiro-xb5ql,Great Video Mark Angel. ğŸ˜Šâ¤ï¸,10 months ago,1
@florencejuma248,7:12,10 months ago,0
@humphreyngari-y3o,oh my nigga mark what,10 months ago,1
@florencejuma248,â€˜â€™Happy new mouthâ€™â€™ ğŸ˜‚ğŸ˜‚ğŸ˜‚ğŸ˜‚ğŸ˜‚ğŸ˜‚ğŸ˜‚ğŸ˜‚ğŸ˜‚ğŸ¤£ğŸ¤£ğŸ¤£ğŸ¤£ğŸ¤£ğŸ¤£ğŸ¤£ğŸ¤£ğŸ¤£ğŸ¤£ğŸ¤£,10 months ago,0
@djfyharedz3541,Watching from Jamaica ğŸ‡¯ğŸ‡² from 2020 it's a joy Watching ğŸ˜‚ğŸ˜‚ğŸ˜‚ğŸ˜‚ğŸ˜‚ğŸ˜‚,10 months ago,0
@abbymax82,me,10 months ago,0
@FADEDKING,"December 11 2024 
Im watching this again after 5 years",10 months ago (edited),0
@dikeleditladi3993,He said the n-word 0:20,10 months ago,0
@ITZCLODIRAROBLOXS,ğŸ‘‡ğŸ½2024,10 months ago,2
@juljay93,It was great Denilson to have been in mark angel comedy,10 months ago,6
@MIOR_DA_WAVES_KINGPIN,Who's here un 2030,11 months ago,0
@trustjesus-b4k,You know what you shu!!!!,11 months ago,0
@utlwanangramosala8428,A unique experience in case you have any problem with this one will be the first line of work and you sthandwa sam zokubona kusasa zophuma manje serious about meeting up again in a phela wena ğŸ‰,11 months ago,0
@parveshsingh8849,Yes ! I'm.   From India.,9 months ago,0
@Marsh-b3e,I am-,9 months ago,0
@Egene4life,Me,9 months ago,1
@shabbirshaikh5583,Yes I'm also enjoying on mark angel video's 2025,9 months ago,0
@heldermaocha2803,NOBODYğŸ˜‚ğŸ˜‚ğŸ˜‚ğŸ˜‚ğŸ˜‚ğŸ˜‚,10 months ago,0
@AngelAdedeji,5:35,11 months ago,0
@BallahKollie-p7k,I'm hereğŸ˜…ğŸ˜…,11 months ago,0
@nelson0956,Whoâ€™s here after Trump won the election ğŸ˜‚ ?,11 months ago,40
@Suzepovs,N  word ğŸ˜…,11 months ago,0
@nonhlanhlamashabane2440,You make me laugh to much ğŸ¤£ ğŸ˜‚ğŸ˜‚ğŸ˜‚ğŸ˜‚ğŸ˜‚ğŸ˜‚ğŸ˜‚ğŸ˜‚ğŸ˜‚ğŸ˜‚,11 months ago,1
@RashNash-f6i,Everything really is smelling ğŸ˜‚,11 months ago,1
@RandomGuy-xb4ez,You guys have to do a part 2 now ğŸ˜‚,11 months ago,1
@nadiatou313,ğŸ˜‚ğŸ˜‚ğŸ˜‚ğŸ˜‚ğŸ˜‚ğŸ˜‚ğŸ˜‚,11 months ago,0
@jaheim8827,a lot better than this,11 months ago,0
@IsomaIsoken,Denilson always do one thing to put himself in trouble the guy is very funny,1 year ago,0
@OfentseMotsepe-z4o,ğŸ˜…ğŸ˜…ğŸ˜…,1 year ago,0
@ClarenceNya,Me,1 year ago,0
@BadEvil-y1r,I wish they never part ways,1 year ago,0
@jeraigwapa9298,Anyone here watching 2024 for old videos of mark angelâ¤ğŸ‡µğŸ‡­,1 year ago,0
@wesleytibihenda5094,Little girl what's your name again?,1 year ago,0
@ATTSSYF,Denilson! Great actor! You all are good!ğŸ˜‚ğŸ˜‚ğŸ˜‚ğŸ˜‚ğŸ˜‚ğŸ˜‚ğŸ˜‚ğŸ˜‚ğŸ˜‚ğŸ˜‚ğŸ˜‚ğŸ˜‚ğŸ˜‚ğŸ˜‚ğŸ˜‚ğŸ˜‚â¤â¤â¤â¤â¤â¤â¤â¤â¤â¤â¤â¤â¤â¤,1 year ago,0
@lemxminecraftandmemes4721,W,1 year ago,0
@ZainuddinJhens-ru8gb,Biar2 ara bang ku like thisğŸ˜ğŸ˜ğŸ˜ğŸ˜,1 year ago,0
@JoshuaWafula-t2e,My favourite denilson,1 year ago,0
@ShaneyzTuru,"Shu shu men,shu,i want to be trump, imma use thatğŸ˜‚ğŸ˜‚ğŸ˜‚",1 year ago,1
@EmilyMagego,am here ğŸ˜‚,10 months ago,0
@Makaylor,ğŸ˜‚ğŸ˜‚ğŸ˜‚,8 months ago,0
@peninahkavisa3666,Shu shu men ğŸ˜‚ğŸ˜‚ 2024 I'm back here Denilson never disappoints,1 year ago,0
@penetamostivane8009,Is there anyone here in 2024?,1 year ago,1
@Ricklet0ons,This aged very well,1 year ago,1
@KhoabaneNkome,Me,1 year ago,0
@wangwarsankhil5321,Am here in 2024 September,1 year ago,1
@piusconnection,ooooohhhh,1 year ago,0
@alphastoure4841,"0:58 ""you guys still live here""ğŸ˜‚",1 year ago,0
@tekkzseneator,is ugarte deal done,1 year ago,0
@farxiyoyuusufhoobiyahakulu9043,He.  Said.  Your.  Room.   Is.  DeadğŸ˜‚ğŸ˜‚ğŸ˜‚ğŸ˜‚ğŸ˜‚ğŸ˜‚,1 year ago,1
@shimasopa1843,Mark angel is a bad guy..,1 year ago,0
@hamprebugoydeguzman7523,Now.,1 year ago,0
@AsingwirePeace,I love your videos so much Iâ€™m mother,1 year ago,0
@Abdul-AzizKolley,What the hell,1 year ago,0
@musaadamu2840,Anyone here in 2024,1 year ago,0
@Mzee_Bughaa,Shuuu men ğŸ˜‚,1 year ago,0
@constructivetv6436,Definitely he mad for sure when he takes six of those,1 year ago,0
@constructivetv6436,So how come he come back and still live there?ğŸ˜‚ğŸ˜‚,1 year ago (edited),0
@BaboucrrSarr,2024,1 year ago,0
@adesege1025,This is when Denilson used to come back anytime he needs 100k. Denilson na hustler while Mark is a confirm reaper.,1 year ago,0
@vida7993,So K. Brown also left Mark Angel comedy.,1 year ago,1
@TinoMtde,my friend keep quiet,1 year ago,1
@TTskits,No,1 year ago,0
@FaustinaAppoh-i1b,I think this guy has been complaining about the comedy not paying them in more of their videos,1 year ago,1
@Ericxhostar,Who is here in 2024,1 year ago,1
@SamsonEgba-y3m,Anybody here 2024?,1 year ago,0
@iam_adedayo,"If what Denilson said is true about Mark Angel, then Mark is really a ripper  ğŸ’¯",1 year ago,0
@FavyBea,Omo ğŸ˜¢ğŸ˜¢ see their views as of then,1 year ago,1
@Jiggy_CFR,"""Did comedy stop giving you guys money""?

And Mark smiled, knowing that in real life, Denilson is the one who comedy is actually not giving moneyğŸ¤£ğŸ¤£ğŸ¤£",1 year ago (edited),20
@SabiGirlDrama,Team 2024 but true true nor be all watin delnison said na true ğŸ˜‚ğŸ˜‚ğŸ˜…ğŸ˜…ğŸ˜…,1 year ago,0
@Ogyoung1,ğŸ˜‚ğŸ˜‚ğŸ˜‚ğŸ˜‚ğŸ˜‚ğŸ˜‚ğŸ˜‚ğŸ˜‚ğŸ˜‚ğŸ˜‚,1 year ago,0
@attagbozo,Mark Why u alone chop all the money?,1 year ago,2
@GabrielObiabo,Who here to watch TB after Honest bunch podcast,1 year ago,4
@Tonycantana,Omo this no be comedy o na real life,1 year ago,2
@wabsonwabson9358,This is hillarious! ğŸ˜‚ğŸ˜‚ğŸ˜‚,1 year ago (edited),1
@realiable,"Wish denni is back on 2024 .. markoooooooooo please bring him  back , he is goooodoooo n deserve better.. support him back please..",1 year ago,1
@FrancisCauthen,He's probably not,1 year ago,0
@FrancisCauthen,That girl is always up to something,1 year ago,0
@FrancisCauthen,Well why are you doing back there,1 year ago,0
@FrancisCauthen,He's sounds like he's gay,1 year ago,0
@WhollyShadreck-xb2nx,ğŸ˜…ğŸ˜…ğŸ˜…ğŸ˜‚ğŸ˜‚ğŸ˜‚,1 year ago,1
@KaileeVictorin,Me,1 year ago,2
@AaronMwiinga-jl1ew,ğŸ˜‚ğŸ˜‚ğŸ˜‚ğŸ˜‚,1 year ago,2
@mammaman8400,Denison was acting from his painğŸ˜‚ğŸ˜‚,1 year ago,6
@Mzee_Bughaa,ğŸ˜‚ğŸ˜‚the line ate,1 year ago,2
@Jiggy_CFR,Â @Mzee_BughaaÂ  Thank you ğŸ˜‚,1 year ago,1
@Jiggy_CFR,Â @mammaman8400Â  SwearsğŸ¤£,1 year ago,1
@Mzee_Bughaa,Â @Jiggy_CFRÂ  ğŸ˜‚ğŸ˜‚ğŸ—¿ welcome,1 year ago,2
@joshuakepler,Normally. He will exaggerate something for theatrics but part of what he said is the truth,1 year ago,0
@KurdemAnderw-rz9cf,MeeeğŸ˜‚ğŸ˜®,1 year ago,2
@Stephanie-tj8sn,This is still my fav mark angel vidğŸ˜­ğŸ˜­,1 year ago,1
@Yfndom15,You guys backward ğŸ˜‚ğŸ˜‚ dis is trumpğŸ˜‚ğŸ˜‚,1 year ago,0
@surakatakandeh8248,This is Trump men ğŸ˜‚ğŸ˜‚ğŸ˜‚,1 year ago (edited),1
@sarawatswife,"It's 2024 and I'm still laughing at ""oh my nigga Mark"" ğŸ¤£ğŸ¤£ğŸ¤£ğŸ¤£ğŸ¤£ğŸ¤£ğŸ¤£ğŸ¤£ğŸ¤£ğŸ¤£",1 year ago,15
@Zaza-o1d,Hi. How are you doing today,1 year ago,0
@dmvdemba2999,ğŸ¤£ğŸ¤£,1 year ago,0
@SamadAdebayo-db7ov,I really miss denilson too ..did you guys fight ğŸ˜®ğŸ˜®why are you guys not been together again,1 year ago,1
@SamadAdebayo-db7ov,Whoâ€™s here again in 2024 ğŸ˜‚ğŸ˜‚ğŸ˜‚it been a long time â€¦.,1 year ago,1
@johnizoboy,Anyone here in 2024,1 year ago,0
@Khaipieimi,Me i will love to watch mark and his teams forever i really miss them they are the best of best,1 year ago,0
@ceedana,"OMG 
ğŸ˜ğŸ˜ğŸ˜ğŸ˜ğŸ˜ğŸ˜‚",1 year ago,0
@adamudennis8898,I love that they mention Ghana ğŸ‡¬ğŸ‡­ In some videos i am from GhanağŸ‡¬ğŸ‡­ğŸ‡¬ğŸ‡­,1 year ago,0
@JayDrop-gz3gp,Secret with EmmanuelağŸ˜‚ğŸ˜‚ğŸ˜‚ğŸ˜‚,1 year ago,0
@mariabrusch3354,Anyone here in 2024ğŸ˜‚â¤,1 year ago,1
@FrancisCauthen,U forgot where you come from,1 year ago,0
@FrancisCauthen,Why is he back there probably don't have any were to stay,1 year ago,1
@PalesaMatene,ğŸ˜‚ğŸ˜‚ğŸ˜‚ğŸ˜‚ğŸ˜‚ğŸ˜‚ğŸ˜‚ğŸ˜‚ğŸ˜‚ğŸ˜‚ğŸ˜‚ğŸ˜‚ğŸ˜‚ğŸ˜‚ğŸ˜‚ğŸ˜‚ğŸ˜‚ğŸ˜‚ğŸ˜‚ğŸ˜‚ğŸ˜‚ğŸ˜‚ğŸ˜‚ğŸ˜‚ğŸ˜‚ğŸ˜‚ğŸ˜‚ğŸ˜‚ğŸ˜‚ğŸ˜‚ğŸ˜…ğŸ˜…ğŸ˜…ğŸ˜…ğŸ˜…ğŸ˜…ğŸ˜…ğŸ˜…ğŸ˜…ğŸ˜…ğŸ˜‚ğŸ˜‚ğŸ˜‚ğŸ˜‚ğŸ˜‚ğŸ˜‚ğŸ˜‚ğŸ˜‚ğŸ˜‚ğŸ˜‚ğŸ˜‚ğŸ˜‚ğŸ˜‚ğŸ˜‚ğŸ˜‚ğŸ˜‚ğŸ˜‚ğŸ˜‚ğŸ˜‚ğŸ˜‚ğŸ˜‚ğŸ˜‚,1 year ago,0
@RockyRajkumar-yg1ee,Trump has killed me oh...ğŸ˜‚ğŸ˜‚ğŸ˜‚,1 year ago,0
@alexandrelobato2071,I miss Denilson with themğŸ˜¢,1 year ago,2
@Offical.mm200,Ye,1 year ago,1
@Ablockin4eva,The fact he had audicity to say that is outrageous,3 months ago,1
@Ruby214-yt3wn,ğŸ˜¢Me,1 year ago,1
@TemitopeDimple,You are doing Wizkid,1 year ago,0
@Rougevestore,who else is here after Denilson's live video about Maek Angel?,1 year ago,36
@YgmlinYgmlin,ğŸ˜‚ğŸ˜‚ğŸ˜‚ğŸ˜‚,1 year ago,0
@thomassevou7561,It's 2024 and we miss Denilson igwe â¤,1 year ago,0
@sheesh7684,N word,1 year ago,0
@danilloconnery2841,Trump? You mean Donald Trump? Unless you will get bomb by smelling him like dustbinğŸ¤£ğŸ¤£,1 year ago,0
@sokunven4465,2024 i'm still watching old videoğŸ˜‚,1 year ago,1
@MEPON-G11,This type of classic video we missed...ğŸ˜¢ğŸ˜¢,1 year ago,0
@ndlandlamukowanga,ğŸ˜‚ğŸ˜‚ğŸ˜‚ğŸ˜‚ğŸ˜‚ğŸ˜‚ğŸ˜‚,1 year ago,0
@pulsesz1953,Trump  baby ğŸ¤£ğŸ¤£ğŸ¤£ğŸ¤£,1 year ago,0
@Blankfanta0,"""They way he said oh my nigga mark you are still the same"".  (Fyi im black so yeh)",1 year ago,0
@ntanganedzenimmaphaha,"2024

Earth is smelling ğŸ¤£ğŸ¤£",1 year ago,1
@SmiLyGaGaNaaNdCraZyNuShNa,yes,1 year ago,0
@MrsoeMyint-b1s,Lol ğŸ˜‚ iâ€™m still watching 2024ğŸ˜‚,1 year ago,0
@CTFB_KAB260X,"""Oh my nigga mark"" Nah Denilson you good?",1 year ago,0
@Angela18062,I'm hereğŸ˜‚ğŸ˜‚,1 year ago,0
@michaelmonter4050,Im watching right now,1 year ago,0
@Fcmobile-m8v,ğŸ˜‚ğŸ˜‚ğŸ˜‚ğŸ˜‚ğŸ˜‚ğŸ˜‚ğŸ˜‚ğŸ˜‚ğŸ˜‚ğŸ˜‚ğŸ˜‚ğŸ˜‚,1 year ago,0
@thekingdomprayerlifewithkelly,Am going to call the popoğŸ˜‚ğŸ˜‚ğŸ˜‚ğŸ˜‚ğŸ˜‚,1 year ago,0
@ayubmuriuki8486,ğŸ‡°ğŸ‡ªğŸ‡°ğŸ‡ªğŸ‡°ğŸ‡ªğŸ‡°ğŸ‡ªğŸ‡°ğŸ‡ª 2024 little emmanuella ğŸ˜‚ğŸ˜‚ğŸ˜‚ now the big girl,1 year ago,0
@alphansogeorgedivinekalama2369,"That's me right there ğŸ˜…,
The story is disheartening",1 year ago,1
@fashmovies247,me oh,1 year ago,1
@EtukokwuIfechukwu,Me too,1 year ago,1
@UjunwafavourGodwin,Me ooğŸ˜¢,1 year ago,0
@Rougevestore,"Â @alphansogeorgedivinekalama2369Â  There are always 2 sides to a story.
There might be spme truths about all he said, but the other party may also have some hidden truths aswell.",1 year ago,0
@francisakpa2706,Denilson is mad oooooo,1 year ago,0
@victorstrange23,Still blasting in 2024,1 year ago,1
@mr.patrick250,ğŸ˜‚ğŸ˜‚ğŸ˜‚ğŸ˜‚,1 year ago,0
@BettyGomez-qd9tg,Me,1 year ago,0
@dreamers2361,ğŸ˜‚ğŸ˜‚ğŸ˜‚ my nigga Mark,1 year ago,0
@IshaSagnia,"Letâ€™s give a round of applause to Mark Angel for making us laugh, and whenever was sad, he always makes us happy. Letâ€™s give him a big round of applause, ladies and gentlemen.â¤â¤â¤â¤â¤â¤â¤â¤ğŸ˜‚ğŸ˜‚ğŸ˜‚ğŸ˜‚",1 year ago,0
@sylvestermogire7134,2024 anyone??ğŸŒ¹ğŸŒ¹ğŸŒ¹,1 year ago,1
@HaKhuiShingg,2024ğŸ’—ğŸ’—,1 year ago,0
@nega_the0,anyone here in 2024? âœ¨,1 year ago,0
@Alphachad.913,2024 ğŸ˜‚ğŸ˜‚ğŸ˜‚ still laughing,1 year ago,0
@roseaihimegbe,ğŸ˜…ğŸ˜…,1 year ago,0
@iwantviewss,2024?,1 year ago,1
@elizabetholuwatoyinaiyedog3171,I mount new shows now,1 year ago,0
@egg3171,Anyone here 2024??? ğŸ˜‚ğŸ˜‚ğŸ˜‚ğŸ˜‚ğŸ˜‚ğŸ˜‚,1 year ago,3
@Muss-rc9gx,HiğŸ˜¢ğŸ˜¢ğŸ˜¢ğŸ˜¢ğŸ˜¢ğŸ˜¢kkkkkk,1 year ago,0
@KanjimongKanjimong,It's 2024 ohh ğŸ˜‚ğŸ˜‚,1 year ago,1
@okeykid780okea9,He said my niggağŸ˜‚ğŸ˜‚ğŸ˜‚,1 year ago,0
@yjfgcg25,Oh my n gga mark lol,1 year ago,0
@okuhmchile,Is anyone from 2030??,1 year ago,0
@DiyaPrithviraj,Skip 2020 anyone 2024,1 year ago,3
@LifewithMahendra,Anyone 2024ğŸ˜‚,1 year ago,1
@BobbyKoome,I like the way Uzzy tells Denison that your room is thereğŸ˜‚ğŸ˜‚ğŸ˜‚ğŸ¤£,1 year ago,1
@musipiliberio1563,2024ğŸ˜‚,1 year ago,2
@mohPog,2024ğŸ˜‚,1 year ago,2
@nangonziLillian-zy5ex,""" You look like a mad man "" ğŸ¤£ğŸ¤£ğŸ¤£ğŸ¤£",1 year ago,1
@Nicholas-fr5gf,Anyone here in 2024ğŸ˜‚ğŸ˜‚ğŸ˜‚ğŸ˜‚,1 year ago,22
@wichamnewmai,Anyone here in 2024,1 year ago,1
@itstheweirdo3604,Whoâ€™s here in 2024 ğŸ¤£,1 year ago,76
@munezerondayisaba5174,Kanye Kanye baby ğŸ˜‚ğŸ˜‚ğŸ˜‚,1 year ago,1
@ElizabethMenz,Anyone here 2024 ğŸ˜‚,1 year ago,5
@Bruce88888,He said the N word ğŸ˜‚ğŸ˜‚,1 year ago,1
@chrisnick-cy1lm,ANYONE HERE IN 2024 LOOKING BACK AT THE OG VIDSâ¤â¤â¤,1 year ago,1
@IvankalimonLimon,Anyone in 2024,1 year ago,0
@JORAM646,What is smelling ğŸ˜‚ğŸ˜‚ğŸ˜‚ğŸ˜‚ğŸ˜‚ğŸ˜‚ğŸ˜‚ğŸ˜‚ğŸ˜‚ğŸ˜‚ğŸ˜‚ğŸ˜‚ğŸ˜‚ğŸ˜‚ğŸ˜‚ğŸ˜‚ğŸ˜‚ğŸ˜‚ğŸ˜‚ğŸ˜‚ğŸ˜‚ğŸ˜‚ğŸ˜‚ğŸ˜‚ğŸ˜‚ğŸ˜‚ğŸ˜‚ğŸ˜‚ğŸ˜‚ğŸ˜‚ğŸ˜‚ğŸ˜‚ğŸ˜‚ğŸ˜‚ğŸ˜‚ğŸ˜‚ğŸ˜‚ğŸ˜‚ğŸ˜‚ğŸ˜‚ğŸ˜‚ğŸ˜‚ğŸ˜‚ğŸ˜‚ğŸ˜‚ğŸ˜‚ğŸ˜‚ğŸ˜‚ğŸ˜‚ğŸ˜‚ğŸ˜‚ğŸ˜‚ğŸ˜‚ğŸ˜‚ğŸ˜‚ğŸ˜‚ğŸ˜‚ğŸ˜‚ğŸ˜‚ğŸ˜‚ğŸ˜‚ğŸ˜‚ He is madoğŸ˜‚ğŸ˜‚ğŸ˜‚ğŸ˜‚ğŸ˜‚ğŸ˜‚ğŸ˜‚,1 year ago,0
@haziqsaffari9893,He will be fine after he washes his face.ğŸ˜‚,1 year ago,0
@tbaby5872,ğŸ˜‚ğŸ˜‚ğŸ˜‚ğŸ˜‚ğŸ˜‚ğŸ˜‚ğŸ˜‚ğŸ˜‚ğŸ˜‚,1 year ago,1
@tbaby5872,Iâ€™m Cameroonian,1 year ago,1
@watermelnom,Who else is here in 2024,1 year ago (edited),491
@kawaiistrxwberr1es,Donald TrumpğŸ˜‚ One time he was doing Kanye West style.ğŸ˜‚ğŸ˜‚ğŸ˜‚,1 year ago,0
@jasminefahie370,2024 anyway ğŸ˜‚,1 year ago,0
@fact_flicks-1tv,Am here,1 year ago,0
@FADEDKING,December 11 2024 ğŸ˜‚,10 months ago,0
@Kirikpartyjanbdn123,2025 may 15,5 months ago,0
@PerfectMokgope,ğŸ™‹â€â™‚ï¸,1 year ago,3
@sharissaevelyn377,Me,1 year ago,1
@AingaranSekar,Present sir,1 year ago,1
@puppyexploits,I full ground,1 year ago,1
@drewzyomutwazi7788,I'm here,1 year ago,1
@Zorien__Playz,Me ğŸ˜¢ğŸ‰ğŸ˜‚ğŸ˜…,11 months ago,0
@Random123-h3s,I'm in 2025,9 months ago,0
@zairerolle757,Me,1 year ago,8
@RosaEstrellaPrince,me!ğŸ˜‚,1 year ago,3
@TaliaMutahi,ğ™¼ğš ğŸ˜‚,1 year ago,2
@Kflaynife,Me ğŸ˜‚,1 year ago,4
@TaliaMutahi,Â @KflaynifeÂ   too,1 year ago,2
@AsiyaBello-g2h,Me ohğŸ˜Š,1 year ago,2
@kynthuplang9633,Me ğŸ˜…,1 year ago,2
@mahlalekhwenimonsterchanne4127,ğŸ˜‚ğŸ˜‚ğŸ˜‚ğŸ˜‚,1 year ago,0
@georgewillaimotim-nape9404,Me,1 year ago,0
@longwacwallim5164,I from nagaland â¤,1 year ago,2
@alikarodrigues1817,Here,1 year ago,0
@Qamarqasim-b2x,Me,1 year ago,0
@Cyrillnjoki,"Me oh,,,old is gold,,",1 year ago,0
@giteii.x,ğŸ˜‚,1 year ago,0
@sharissaevelyn377,Me,1 year ago,0
@ezikesomto556,MeğŸ˜‚ğŸ˜‚,1 year ago,0
@ifrahsalad7182,me!ğŸ˜…,1 year ago,0
@lemy3538,MeğŸ˜‚,1 year ago,0
@alexandrelobato2071,Me,1 year ago,0
@alexandrelobato2071,I miss Denilson with themğŸ˜¢,1 year ago,2
@Funtime_Li3ZyQt,Me!,1 year ago,2
@sophiekiwanuka2011,ğŸ¤£ğŸ¤£ğŸ¤£ğŸ¤£ğŸ¤£ğŸ¤£ğŸ¤£ğŸ˜‚ğŸ˜‚ğŸ˜‚,1 year ago,0
@georgewillaimotim-nape9404,MeğŸ˜ŠğŸ˜Š,1 year ago,0
@ErmiyasHadush-tm7cc,Me ğŸ˜‚,1 year ago,0
@dmvdemba2999,meğŸ°,1 year ago,2
@masterized_Lightening12,Me,1 year ago,0
@salmonaukleya5490,ğŸ˜‚here,1 year ago,0
@smg9-1k,Me,1 year ago,0
@kamarafoday6516,Me,1 year ago,0
@mythic749,me ğŸ˜­ğŸ˜­,1 year ago,0
@princegwaaza7669,Lol,1 year ago,0
@TinoMtde,me,1 year ago,0
@Yourfavrobloxcontentcreatorr,August 27th anyone,1 year ago,0
@FatmataDumbuya-d5d,Me oo,1 year ago,0
@FatmataDumbuya-d5d,Me oh,1 year ago,0
@IgeteUtetiwabo,MeğŸ™‹â€â™‚ï¸,1 year ago,1
@IgeteUtetiwabo,Iâ€™m in 2024ğŸ™‹â€â™‚ï¸,1 year ago,1
@Randomnexz,Bro is that desparate for attention,1 year ago,0
@VanessaBlackett-jy7cd,MeğŸ˜‚,1 year ago,0
@OnlyRandi,I'm definitely here ğŸ‰ğŸ‰ğŸ‰,1 year ago,0
@LakielMoodie,Hi,1 year ago,0
@GemZees,Me,1 year ago,0
@foundation6294,Shu,11 months ago,0
@Papichulo23-z2l,Me,11 months ago,0
@YourboyRyanz,Me,10 months ago,0
@DivinaLumbri,Meâ¤,10 months ago,0
@thendralthennavan7700,Dec 2024 revisit this,10 months ago,0
@Ali-l7k5k,Me,10 months ago,0
@ChinoKazuya,lol,10 months ago,0
@tomianjarrett8440,Me,10 months ago,0
@Blessed-Infinitely,Not me. 2025!!,10 months ago,1
@SORBET_COOKIE_GAMING,Â @Blessed-InfinitelyÂ me too,9 months ago,1
@Rosie-n2x,Happy new yearğŸ‰,9 months ago,1
@NuradinAbdullahi-w1s,2025**,9 months ago,0
@zarahchenge2893,Not me I'm in 2025,9 months ago,0
@Darkdgamerz,2025 broğŸ˜‚,9 months ago,0
@K_jezy13,Imagine Ojo in one of these videos ğŸ˜‚,1 year ago,1
@jojomatike2469,2024,1 year ago,1
@albertinehanhele3953,Anyone here in 2024,1 year ago,1
@Zaricute,Emanuela you're good at these  plans ğŸ˜‚ğŸ˜‚â¤â¤,1 year ago,1
@Zaricute,ğŸ˜‚ğŸ˜‚ğŸ˜‚ uncle  denilson  your  really  mad,1 year ago,1
@Ibyg-h7r,The fact denilson  said the n word ğŸ˜‚,1 year ago,0
@fatherdavid7498,So funny even in 2023,1 year ago,0
@reubendaka1999,2023 still watching . Denise was one of the funniest guy in mark angel comedy now u can't see him in there videos ğŸ˜¢ğŸ˜¢,1 year ago,0
@AtwineKingsley,Anyone here in 2024,1 year ago,0
@husseinamane2702,Trump is not going back,1 year ago,0
@MsAfricanamerican,J,1 year ago,0
@MohamedHashiaxmed,Can ask you questions,1 year ago,1
@johnwisdom6131,anyone in 2023ğŸ˜‚ğŸ˜‚,1 year ago,0
@Rosezplayz88,He says the n word ğŸ˜®,1 year ago,2
@dignaherman4825,Anyone here in 2023â¤,1 year ago,1
@muntas2660,TRUMP IN 2024ğŸ‘¹ğŸ‘¹ğŸ‘¹ğŸ‘¹ğŸ‘¹ğŸ‘ºğŸ‘ºğŸ‘ºğŸ‘ºğŸ‘ºğŸ‘º,1 year ago,0
@hamprebugoydeguzman7523,2023 and still watching,1 year ago,0
@ahmedalipogba3603,2024ğŸ˜‚ any one,1 year ago,0
@ariellemamangon375,2023 THIS IS TRUMP! ğŸ˜‚ğŸ˜‚ğŸ˜‚,1 year ago (edited),0
@langwanyahlatshwako8663,Shu.... manğŸ˜‚ğŸ˜‚ğŸ˜‚ğŸ˜‚ğŸ˜‚ğŸ˜‚ğŸ˜‚ what's wrong with Africa shuğŸ˜‚ğŸ˜‚ğŸ˜‚,1 year ago,1
@Derek_Antonio,ğŸ™ŒğŸ¼,1 year ago,0
@mxrcymemes,ğŸ˜…i just realized now,1 year ago,0
@ellavlogs6531,He has his own channel now!,1 year ago,0
@MohamedHashiaxmed,Can ask you questions,1 year ago,0
@agnes_klay,Â @MohamedHashiaxmedÂ yes u can ask ğŸ˜®,1 year ago (edited),0
@deyx.1,Nope,1 year ago,0
@muntas2660,Same,1 year ago,0
@muntas2660,Nope in November 2023ğŸ˜‘ Yyeyyeyeyessss,1 year ago,0
@Afodis,2023 ?,1 year ago,0
@rgvanrooyen1277,Bdjfiorif8f8fiifoeirrooritititittiit,2 years ago,0
@Bestmia142,2023,2 years ago,1
@Suboytheinternational7,When anybody try dat wit me i'm gonna call the p-o p-o that line killed meğŸ˜‚ğŸ˜‚ğŸ˜‚ğŸ˜‚ğŸ˜‚ğŸ˜‚ğŸ˜‚ğŸ˜‚ğŸ˜‚ğŸ˜‚,2 years ago (edited),0
@davidralte4052,Still watch in 2023,2 years ago,0
@abosedeajayi8308,This comedy is very interestingğŸ˜‚ğŸ˜‚,2 years ago,0
@deltouinecatwell,Is any here from 2023âœ‹ and bro just say nigga,2 years ago,0
@princeodame43,Anyone here in 2023ğŸ˜‚ğŸ™ğŸ¿âœ‹âœ‹,2 years ago,0
@luv4_likha,Anyone here in 2023ğŸ™ŒğŸ–ğŸ˜‚,2 years ago,1
@hanav1607,2023,2 years ago,0
@Dodo_an06,2023 here.....â¤â¤,2 years ago,0
@adijongzadijongz7769,Anyone here in 2023ğŸ˜‚,2 years ago,0
@claytonthomas7,2023ğŸ˜‚,2 years ago,0
@prettydon-b7w,The way Emanuela was  lau,2 years ago,0
@lesegomogale7808,Anyone here in 2023ğŸ˜‚,2 years ago,3
@Gamesonly-k8i,Vote for Donald Trump! US,2 years ago,0
@DiegoCarillo-q4y,He said the n word,2 years ago,0
@anangcartertv4202,Who is still here 2023,2 years ago,2
@veralimbuwa8883,ğŸ˜‚ğŸ˜‚ğŸ˜‚ğŸ˜‚ğŸ˜‚ğŸ˜‚,2 years ago,0
@nashiyeshuuya9849,"why
why
y",2 years ago,0
@nashiyeshuuya9849,did you say nigga,2 years ago,0
@malixolemdutyana7733,"In South Africa, we still watch it even in 2023ğŸ˜‚ğŸ˜‚ğŸ˜‚",2 years ago,13
@LeslieIteire,ğŸ˜‚ğŸ˜‚ğŸ˜‚ğŸ˜‚ğŸ˜‚ğŸ˜‚ğŸ˜‚ğŸ˜‚ğŸ‡³ğŸ‡¬,2 years ago,0
@JustAbacongirll,0:23  o my Niga mark,2 years ago,1
@princeandalialuke74,Back in 2024.!!,2 years ago,1
@peteralmasi6185,Anyone there in 2023?? I really miss denilson ğŸ˜¢ğŸ˜¢,2 years ago,0
@JorjaSmith-h5p,Everyone here 2023ğŸ˜‚,2 years ago,1
@Arcistagocrazy,I have been watching this comedy ever since I was 5 now Iâ€™m 11 time goes so fastğŸ˜¢ğŸ˜¢ğŸ˜¢,2 years ago,3
@riothegenuis6278,ğŸ˜‚ğŸ˜‚ omooo,2 years ago,1
@henryuzoho3193,This.   Is.   2023.     The.   New.   YearğŸ˜‚ğŸ˜‚â¤,2 years ago,2
@tmansbanda1420,ğŸ˜‚ğŸ˜‚ğŸ˜‚who is here 2023,2 years ago,1
@njakwamwandila3644,Am here 2023ğŸ˜‚ğŸ¤£ğŸ¤£ğŸ¤£,2 years ago,2
@daviajennings8131,It's 2023,2 years ago,2
@francaozojiofor2835,ğŸ˜‚ğŸ˜‚ğŸ˜‚ğŸ˜‚ğŸ˜‚ğŸ˜‚ğŸ˜‚ğŸ˜‚ğŸ˜‚ğŸ˜‚ğŸ˜‚ğŸ˜‚,2 years ago,0
@looloos4232,Who is watching in 2023,2 years ago,1
@athidlamini,"Mark man, okay asiyiyeke lento ka man",2 years ago,0
@motosmooth,Illinois state tax is more on ur old ğŸ—ï¸ğŸ—ï¸ğŸ—ï¸ğŸ—ï¸ğŸ—ï¸ğŸ—ï¸ğŸ—ï¸ğŸ—ï¸ğŸ—ï¸ I wasn't,2 years ago,0
@Aesthetics-b9,Anyone in 2023,2 years ago,0
@godswillessien2212,See the way Denilson look like Albino ğŸ˜…ğŸ˜…,2 years ago,1
@kennedysiwadawada3757,"Denison should come back to Mark Angel Comedy serious, we need him back serious, Please Mark you guys should puts your things aside ğŸ™ğŸ™ğŸ™ğŸ™",2 years ago,0
@GYRO_WRAITH,Any one in 2023,2 years ago,0
@grantyoung7246,Unkle denison. Oh my nikka mark. ğŸ˜…ğŸ˜ŠğŸ˜‚ğŸ˜‚this is trump yo. Haha.â¤â¤u all,2 years ago,0
@Eylanidris,ğŸ¤£ğŸ¤£ğŸ¤£ğŸ˜‚ğŸ¤£ğŸ˜‚ğŸ˜‚ğŸ˜‚ğŸ˜‚ğŸ˜…ğŸ¤£ğŸ¤£ğŸ¤£,2 years ago,0
@edneljrpierre6321,"Donald Trump hair be like
ğŸ˜‚",2 years ago,0
@elastusmuhwezi5429,2023 and am still hereğŸ˜Š,2 years ago,0
@letkopoichannal9280,run oh  i like this words ğŸ¤£these guys are funny,2 years ago,0
@willsonwills9172,Anyone here on 2023?ğŸ¤£,2 years ago,1
@lesleykinz4802,This is the tenth time that I'm watching this one again .â¤ from Papua New Guinea ğŸ‡µğŸ‡¬ğŸ‡µğŸ‡¬ğŸ‡µğŸ‡¬,2 years ago,0
@PhelistusNyongesa,Mark you will kill me with laughter abeg ah ahğŸ˜…ğŸ˜…,2 years ago,0
@annosa3343,2023 anyone?,2 years ago,0
@thatgirlrach2012,Who here 2023 âœ‹ğŸ˜‚ğŸ˜‚ğŸ˜‚ğŸ˜‚ğŸ¤£ğŸ¤£ you can miss this ep so funny ğŸ¤£ğŸ¤£,2 years ago,1
@VoiceOfThe_streets,Anyone here in 2023?ğŸ˜‚,2 years ago,3
@alfaranjanbiswal1994,Anyone here in 2023 ?????,2 years ago,4
@MoyaMiller,Anyone here in 2023ğŸ˜‚ğŸ˜‚ğŸ˜‚ğŸ˜‚,2 years ago,2
@Fidem-y1h,2023 anyone??,2 years ago,2
@mariamossang7132,ğŸ˜‚ğŸ˜‚ğŸ˜‚,2 years ago,1
@RiyadhHabab-b5e,Anyone here in 2023ğŸ˜‚â¤,2 years ago,2
@sedinamchormey1927,I don't like the new Denilson ğŸ˜• ğŸ˜’ ğŸ˜ ğŸ˜‘ ğŸ™„ ğŸ˜ª ğŸ˜• ğŸ˜’ ğŸ˜  ğŸ˜•,2 years ago (edited),1
@itoldyoui8,"Anyone here in 2023?
ğŸ‘‡",2 years ago,4
@cherrycherry373,2023ğŸ‰ğŸ˜‚,2 years ago,3
@Imfinnabuuusssttt,2023 FOR LIFE!!!!!!!!,2 years ago,0
@ST4RSII,Heree,2 years ago,0
@itoldyoui8,Â @ST4RSIIÂ  perfect,2 years ago (edited),0
@lewellynsecondtjakauruaf6293,Anyone here in 2023 ğŸ˜‚ğŸ™ğŸ½,2 years ago,3
@sologoatt1024,Itâ€™s 2023 for me ğŸ¤£ğŸ¤£ğŸ¤£,2 years ago,3
@HenryOnuoha-kj6qu,Anyone here 2023 ğŸ’¯,2 years ago,3
@APie-d1y,Here in 2023 after watching kenye west styleğŸ˜…ğŸ˜…ğŸ˜…ğŸ˜…,2 years ago,1
@celejmuhambi9714,Hey GODS WILL AT 2025ğŸ˜Š.,2 years ago,1
@AceBeeCee,"""Tromp! Baby tromp!""
That made me blow up and crack my funny bone.",2 years ago,0
@NodumoNyoni,Its 2023 I'm still watching this oneğŸ”¥ğŸ”¥â¤ï¸,2 years ago,1
@ShaneTaylor30,Anyone here in 2023ğŸ˜‚ğŸ˜‚ğŸ˜‚ğŸ˜‚ğŸ˜‚ğŸ˜‚,2 years ago,0
@mariepriscasingainy-moutia5201,ğŸ˜‚ğŸ˜‚ğŸ˜‚,2 years ago,0
@IslamIslam-pu1ol,I am African kid And England muslim,2 years ago,0
@herdhoboss2478,Denilsen see your bebe like. Toilet brush,2 years ago,0
@paulpaul2208,Anyone in 2023?,2 years ago,0
@shrinajohnson-chang661,Wiping bird poop under his nose really smart emmanuela.âœŒâœŒâœŒâœŒğŸ˜ğŸ˜ğŸ˜ğŸ˜,2 years ago,1
@nsenginyumvabezabriella3817,DENILSON   he   has  trump  even  emanualla  she  right   he   will   run  mad  oh  oh  oh.,2 years ago,1
@QualityFTF,Oh my nigga markğŸ˜‚ğŸ˜‚ğŸ˜‚lol,2 years ago,1
@textingstory887,I was dead at 0:35,2 years ago,0
@sanjanasaraswathi,Anyone here in 2023ğŸ˜‚ğŸ˜‚âœ‹ğŸ™Œ,2 years ago,4
@mariepriscasingainy-moutia5201,Tunisie pour,2 years ago,0
@viralfever4131,Whoâ€™s here in 2023,2 years ago (edited),0
@thenjiwencube4093,I came back woo..what's going on,2 years ago,0
@ermineking931,Denison said the earth is smiling,2 years ago,1
@n3philim275,6:35 take say smoking weed quietly. I bet no one heard this till they see this comment. Like this comment if you hear it also.!,2 years ago,1
@ermineking931,No its,2 years ago,1
@memyselfni3202,Emanuella is wrong for this ğŸ˜‚,2 years ago,1
@letthenseilhungdim,Anyone here in 2023?,2 years ago,0
@PastorIsaacXulu,Shuu ğŸ˜‚ğŸ¤£,2 years ago,1
@PastorIsaacXulu,Mark is the best ğŸ˜‚ğŸ¤£,2 years ago,0
@Victortv45,"I love mark, Emmanuella Denison, k brown, and most especially success â¤ï¸â¤ï¸ wise success smart Emmanuella ğŸ¤£ğŸ¤£â¤ï¸â¤ï¸â¤ï¸",2 years ago,0
@People_review,2023 from kerala india ğŸ˜,2 years ago,0
@BerkoMedia,2023 still dhup â¤,2 years ago,0
@michaeliathomas4479,Anyone here in 2023 ğŸ˜‚,2 years ago,1
@renmikebonsua4539,"2023 but still im here ,ever since hahaha",2 years ago,0
@eunice1471,Am wondering why delison  came back from American poor and his laughing at his friends there still poor asking if comedy doesn't pay themğŸ˜‚ğŸ˜‚ğŸ˜‚ğŸ˜‚ğŸ˜‚,2 years ago,0
@footballlegend8046,Denison is the only reason why I watch mark Angel comedy ğŸ‘ğŸ‘ğŸ‘,2 years ago,0
@soloplay8049,Who is still watching in 2023.,2 years ago,1
@loftonseymour5623,This guy is good he could make you Laugh,2 years ago,0
@udhay-z9q,Here in 2023,2 years ago,0
@fantadiarra833,2023ğŸ‰â¤,2 years ago,0
@evitaorengo79,2023,2 years ago,0
@Random-user93,Legends say that Denilson is still saying that something is smelling.,2 years ago,0
@n3philim275,They sayâ€,2 years ago,0
@esther960,Whoâ€™s here 2023 ğŸ¤£,2 years ago,1
@Hahaha-s9x,Anyone hea 2023,2 years ago,0
@fantozzatv,Anyone here in 2023 ğŸ˜‚ğŸ˜‹,2 years ago,0
@keamogetsweledwaba6045,Anyone watching in 2023ğŸ”¥ğŸ¤—,2 years ago,0
@riyaruna2286,2023ğŸ˜‚,2 years ago,0
@oseiwilberforce4554,2023 ğŸ˜‚,2 years ago,1
@mohamedyusuf4641,This Trump men,2 years ago,1
@daibioruene5884,The earth is smellingğŸ˜‚ğŸ˜‚ğŸ˜‚ğŸ˜‚ğŸ˜‚ğŸ˜‚ğŸ˜‚ğŸ˜‚ğŸ˜‚ğŸ˜‚ğŸ˜‚ğŸ˜‚ğŸ˜‚,2 years ago,0
@daibioruene5884,Its trump men trump TRUMP,2 years ago,0
@daibioruene5884,Its trump trumpğŸ˜‚,2 years ago,0
@SawikiKauh,trump baby trump,2 years ago,0
@SawikiKauh,its very funny  i like mark angel comedy moviesğŸ˜‚ğŸ˜‚ğŸ˜‚ğŸ˜‚ğŸ˜‚ğŸ˜‚ğŸ˜‚ğŸ˜‚ğŸ˜‚ğŸ˜‚ğŸ˜‚ğŸ˜‚ğŸ˜‚ğŸ˜‚ğŸ˜‚ğŸ˜‚,2 years ago,0
@Uglyboy_257,Anyone else here in 2023 ?,2 years ago,1
@zara9492,Emanuella really said that denilson looks like father christmas with no money she got me on the floor ğŸ˜‚ğŸ˜‚ğŸ˜‚ğŸ˜‚,2 years ago,4
@Hellobro630,"Anyone  here in 
2023",2 years ago,2
@juliatimothy8072,Anyone hear in 2022!!,2 years ago,1
@Spleefy-z5p,Anyone here in 2022,2 years ago,0
@zainabtouray7681,That's end video That's was very funny ğŸ˜„ ğŸ˜† ğŸ¤£ ğŸ˜‚ ğŸ˜€ ğŸ˜,2 years ago,0
@1Jaheim,Anyone here in 2022ğŸ˜‚ğŸ˜‚ğŸ˜‚,2 years ago,0
@nolusindisofihla5734,Shu men ğŸ˜¹ğŸ˜¹ğŸ˜¹ğŸ˜¹ğŸ˜¹,2 years ago,1
@amariwilson1310,Me o.,2 years ago,0
@average16yoldd,ğŸ˜‚ğŸ˜¢,2 years ago,0
@abbymutheu1699,Yes me,2 years ago,0
@teodormwenenimwashindange,Trump has killed me oooğŸ˜‚ğŸ˜‚ğŸ˜‚,2 years ago,1
@cyberpro-gp2nh,this is impresive,2 years ago,0
@chiragjani9342,"Mark men , ok mark lets forget about this men thing . Most funny line in this episode ğŸ¤£ğŸ¤£ğŸ¤£ğŸ¤£",2 years ago,8
@dianamakungu8262,I think am gonna watch this for a lifetime.....God bless you guys,2 years ago,1
@isaacchunga8079,ğŸ¤£ğŸ¤£ğŸ¤£ğŸ¤£ğŸ¤£ğŸ¤£ğŸ¤£ğŸ¤£,2 years ago,0
@monicandita,To funny ğŸ¤£ğŸ¤£ğŸ¤£ğŸ¤£ğŸ¤£ğŸ¤£ğŸ¤£ğŸ¤£ğŸ¤£ğŸ˜‚ğŸ˜‚ğŸ¤©,2 years ago,0
@obedsikute8068,2022 13th November have missed him,2 years ago,1
@gotsileinedollynkwakweng7323,Trumpppp,2 years ago,0
@mauricezuniga4405,Can,2 years ago,0
@sethabilebuthelezi8253,wow uhm Mark is dumbğŸ¤£ğŸ¤£ğŸ¤£ğŸ¤£ğŸ¤£ğŸ¤£ğŸ˜‚ğŸ˜‚ğŸ˜‚ğŸ˜‚ğŸ˜‚ğŸ˜‚ğŸ˜‚ğŸ˜†ğŸ˜†ğŸ˜†ğŸ˜†ğŸ˜†ğŸ˜…ğŸ˜ğŸ˜ğŸ˜ğŸ˜ğŸ˜ğŸ˜‚ğŸ˜‚ğŸ˜‚ğŸ˜‚ğŸ˜‚ğŸ˜†ğŸ˜†ğŸ˜†ğŸ˜†ğŸ˜†Like i saw this episode That mark was the dumbest one in the video,3 years ago,0
@chriscarlos9188,Denilson have mad oo kkkkkkkkkkkkkkkkkkkkkkkkkkkkkkkkkkkkkkk,3 years ago,0
@faithagindoton2011,The doctor is Base 10... Our Native sense man. ğŸ¤£ğŸ¤£ğŸ¤£,3 years ago,1
@kagefru8716,2022,3 years ago,0
@lone9172,Denilson plz come back,3 years ago,0
@mayahswalihoabdulai,Denilson is really good ğŸ‘ in this field,3 years ago,1
@IR09TheSequel,Shoo! Man!,3 years ago,1
@noobsforever223,ğŸ˜® I watch you when I was five or six,3 years ago,0
@bruhurkidding2188,Who is till watching this in 2022ğŸ‰ğŸ˜‚,3 years ago,5
@tomecamarie,This video makes me laugh every single time ğŸ˜‚,3 years ago,0
@A._J._23,Anybody here in 2022?,3 years ago,2
@mercyashah3311,I like this comedy alot,3 years ago,1
@Canybel,Never gets oldğŸ˜,3 years ago,2
@millicentkwakye8050,But Denison are you with comedy or not with comedy,3 years ago,1
@samuelefesoa7317,Legend still says he believes something is smelling. ğŸ˜‚ğŸ˜‚ğŸ˜‚,3 years ago,0
@SpedUpSongsForMe,Anybody watching in 2023,3 years ago,0
@stephaniewalters-pendley1705,Any one here in 2022,3 years ago,0
@GameChannel862,What does that means when Mark talk about his hair,3 years ago,0
@growwithdiamond8619,It's 2022 and I love this video ğŸ¤£ğŸ¤£ğŸ¤£ğŸ¤£ğŸ¤£,3 years ago,0
@gospelmixxes1834,2022ğŸ˜ğŸ˜ğŸ‡°ğŸ‡ª,3 years ago,0
@applesrennie904,Anyone here in 2022,3 years ago,0
@KING1226k,Anyone here 10 August 2022 watching from Namibia...No progress manğŸ˜‚ğŸ˜‚ğŸ˜‚ğŸ˜‚ğŸ˜‚ shu!!,3 years ago,0
@soniaemmanuel5696,Who is here in 2022ğŸ‡¸ğŸ‡¸ğŸ‡¸ğŸ‡¸ğŸ‡¸ğŸ‡¸ğŸ‡¸ğŸ‡¸,3 years ago,0
@baboucarrdrammeh6127,When Denison said the Earth is smelling I said in my head (even if you move to another universe it will smell),3 years ago,1
@hamzaame8373,Denilson,3 years ago,0
@jasminewade8597,Delison looks like Donal trubk,3 years ago,0
@missblanche3584,chai this episode is  very funnyğŸ¤£ğŸ¤£,3 years ago,0
@lyfersz,â€œoh my nigga markâ€ ğŸ˜‚,3 years ago,0
@gideondarngawn,2022,3 years ago,0
@johnravengerona2140,2022,3 years ago,0
@mondayosas6893,Denison  oooh!,3 years ago,0
@legodilekwena5946,LOL,3 years ago,0
@btsjhope3348,lot's of love from India,3 years ago,0
@vaasugimuniandy1442,I'm here 2022,3 years ago,0
@khiamckenzie1634,uncle Denilson you the kill me Lol ğŸ˜‚ğŸ˜‚ğŸ˜‚ğŸ˜‚ğŸ˜‚ğŸ˜‚ğŸ˜‚ğŸ˜‚ğŸ˜‚ğŸ˜‚ğŸ˜‚ğŸ˜‚ğŸ˜‚ğŸ˜‚ğŸ˜‚ğŸ˜‚,3 years ago,1
@livianafipe4929,It is so funny ğŸ¤£ ğŸ˜† ğŸ˜‚ ğŸ˜„,3 years ago,0
@hashimabdi565,Anyone here in 2022 still watching,3 years ago,0
@samiramohammed1437,Anyone here in 2022âœ‹ğŸ˜‚ğŸ˜‚ğŸ˜‚ğŸ¤£ğŸ¤£ğŸ¤£,3 years ago,0
@phindilendzinisa8267,I'd watch this one everydayğŸ˜‚ğŸ˜‚ğŸ˜‚ğŸ˜‚ğŸ˜­ğŸ˜­ğŸ’€,3 years ago,2
@phindilendzinisa8267,ğŸ˜­ğŸ˜­ğŸ˜­ğŸ¤£ğŸ¤£ğŸ˜‚ğŸ˜‚ğŸ˜‚ğŸ˜‚ğŸ’€,3 years ago,0
@Kiethroy,Something is smelling I laughed so hard that I couldn't  breath ğŸ¤£ ğŸ˜‚,3 years ago,0
@Ancient375,"Trump: â€œMark man!â€

Denilson: â€œTrump STFU, this shit getting serious, Mark help me!!!â€",3 years ago,0
@vincentthedreamer-topic4544,2022 who is here ğŸ¤£ğŸ¤£ğŸ¤£ğŸ’¯ğŸ“Œ,3 years ago,0
@georgekwame-osei2096,"Actually Denilson didn't  go mad, Emanuella put a smell in his nose",3 years ago,0
@cupcake8586,Run madğŸ¤£,3 years ago,0
@tanuyadjoe7395,ğŸ¤£ğŸ¤£ğŸ¤£ğŸ¤£ğŸ¤£ğŸ¤£ğŸ¤£ğŸ¤£ğŸ˜‚ğŸ¤©ğŸ¤©ğŸ¤©ğŸ¤©,3 years ago,0
@chidiebereoluchi7318,which one is Kanye West and trump,3 years ago,0
@rutendochidavaenzi5195,P,3 years ago,0
@cyrillamichael9179,Any one here in 2022? This acting sry overacting cracks me every time I play it..  This one n All over ğŸ˜‚ğŸ˜‚ğŸ˜‚ğŸ˜‚,3 years ago,0
@eytanbt6772,Anyone here in 2022??,3 years ago,0
@esthernicola901,2022ğŸ™‹ğŸ»â€â™€ï¸?,3 years ago,0
@stephenwambua4223,Anyone 2022ğŸ˜‚ğŸ˜‚,3 years ago,1
@kishiesingh8949,Anyone here in 2020,3 years ago,0
@Mr.hashtag29299,Anyone here in 2022,3 years ago,0
@erwindevera4386,hahaha i love the way he said 6:42,3 years ago,0
@tonyesasa2831,ğŸ¤£ğŸ¤£ğŸ¤£ğŸ¤£ğŸ¤£ğŸ¤£ğŸ¤£ğŸ¤£ğŸ¤£ğŸ¤£ğŸ¤£ğŸ¤£ğŸ¤£ğŸ˜‚ğŸ˜‚ğŸ˜†ğŸ¥°ğŸ¤¢ğŸ¤®ğŸ¥µ,3 years ago,0
@midway23,Anyone here in 2220,3 years ago,0
@Mika_ki1567,Is it just or I heard Delision said the n word,3 years ago,0
@kanyikemartha900,"""We don't used to do Trump.....what we used to do is Buhari""ğŸ¤£ğŸ¤£ğŸ¤£ğŸ¤£ğŸ¤£ğŸ¤£ğŸ¤£",3 years ago,10
@sampavlic5204,kktkrt,3 years ago,0
@sampavlic5204,hello,3 years ago,0
@Pierogiking101,Anyone here in 2022,3 years ago,0
@sarahblom1266,"""Denilson have mad oh"" ğŸ¤£ğŸ¤£ğŸ¤£",3 years ago,0
@Princess_luvv1,Did denilson say nigg@!?!,3 years ago,0
@davidrang2019,Iam in 2029 please help me ğŸ˜ŠğŸ˜ŠğŸ˜ŠğŸ˜Š,3 years ago,1
@manirambonainnocent6459,Denis is very funny,3 years ago,0
@suleimanumar7727,Two Heads are better than one ğŸ™ğŸ™ğŸ™,3 years ago,0
@makhandhadkhalanga8527,Anyone here in 2051??ğŸ¤—ğŸ¤—ğŸ”¥,3 years ago (edited),0
@linetbaybay81,"The caption makes me laugh so hard because of the spelling ğŸ¤£ (Its not rude, im just saying its funny and the acting is funny too)",3 years ago,0
@frankkysmbaso3423,Denison said nigga,3 years ago,2
@wassup5771,Anyone here in 2022,3 years ago,1
@tonyesasa2831,Kirstie versus Bush's mad second thing she's crazy petting shoes people flag Africa people become crazy like a quick I don't know what to say about that,3 years ago,0
@Six4Prophet,"He did lol ğŸ˜‚ ""Oh my nigga Mark."" ğŸ˜‚ğŸ˜‚",3 years ago,0
@Six4Prophet,Yeah,3 years ago,0
@laminsowe9340,Anyone here 2022 ğŸ˜‚ğŸ˜‚,3 years ago,0
@sallycamara3473,something is smelling shu menğŸ˜‚ğŸ¤£,3 years ago,0
@kevintv8377,emanuela.monggoloyd,3 years ago,0
@Sourabh945,2022 anyone trump hereğŸ¤£,3 years ago,1
@dianamunyama5613,Everybody needs to be back together ğŸ™,3 years ago,3
@dianamunyama5613,This is the best ğŸ¤£ğŸ¤£ğŸ¤£,3 years ago,0
@Cecetammy26280,* oO my nigga mark*ğŸ¤£ğŸ¤£,3 years ago,2
@prololaaau,2022,3 years ago,0
@marlonpkeni2528,Hahaha. This is so hilarious!,3 years ago,0
@ashishdarnaltherockones26,Here in 2022,3 years ago,0
@CatherineStarlight627,Anyone here in 2022 ğŸ¤£ğŸ¤£ğŸ˜…,3 years ago,1
@andamacode,Any one from 2022?,3 years ago,1
@benjaminkanyetu5238,make that a secret emmanuelağŸ¤£ğŸ¤£ğŸ¤£ğŸ¤£ğŸ¤£ğŸ¤£ğŸ¤£ğŸ¤£ğŸ¤£ğŸ¤£ğŸ¤£ğŸ¤£ğŸ¤£ğŸ¤£ğŸ¤£ğŸ¤£ğŸ¤£,3 years ago,0
@matimbajunior9425,Hahaha can't help it ğŸ¤£,3 years ago,0
@josievoss,this is just classic lmaoo,3 years ago,0
@abdirahmansalah3461,we missed denilson big time ğŸ˜‚ğŸ˜‚ğŸ˜‚ğŸ˜‚ğŸ˜‚ğŸ˜‚,3 years ago,0
@natashasinatra5016,I love  this  guys,3 years ago,0
@ivyvivine,Denilson is the bestğŸ˜‚ğŸ˜‚ğŸ˜‚ğŸ˜‚,3 years ago,0
@opsandra9914,Anyone here in 2022ğŸ¤£ğŸ¤£ğŸ˜‚ğŸ˜‚,3 years ago,0
@Techno-ko2mh,Anyone her 2022?ğŸ¤šğŸ¤š,3 years ago,0
@marinesassemble424,Me,3 years ago,0
@markangelcomedy,Thank you ğŸ¥°,3 years ago,0
@tagowjorror7955,Hello anyone here in 2022ğŸ¤£ğŸ¤£ğŸ¤£ğŸ¤£ğŸ¤£ğŸ¤£ğŸ¤£,3 years ago,1
@possibleidumwonyi1453,Am in 2022,3 years ago,0
@kathyimsong1533,2022,3 years ago,0
@theproof5807,Anyone here in 2022 ğŸ˜‚ğŸ˜‚ğŸ˜‚ğŸ˜‚ğŸ¤£ğŸ¤£ğŸ¤£ğŸ˜‚,3 years ago,0
@OGUNGOCRAZY,2022ğŸ˜‚ it's still fresh ğŸ˜‚ğŸ˜‚,3 years ago,1
@gillianboyce8356,Poor denilson i love this episode and the one with petrol funny episodes,3 years ago,1
@malawi5315,Mark do something about  Denison  igwe . We miss him..It was nice to have him please  reconcile and bring him back .everything  is possible  reconcile you guys pleases mark,3 years ago,1
@haki2838,Iâ€™m Somali and like nigierin content,3 years ago,1
@King-or7gh,Father x mas that donâ€™t have money ğŸ’µğŸ˜‚ğŸ˜‚,3 years ago,1
@gromusicgromusic4595,I miss angel Mark na denilson togther acting ğŸ˜­,3 years ago,1
@renjiuzi,2022,3 years ago,1
@kefumutahi4702,Denilson was a very talented actor,3 years ago,1
@jhani560,I feel sorry for Denilson leaving Mark Angel He is the funniest one I really like his style,3 years ago,2
@yasirali4793,Anyone here in 2022âœ‹,3 years ago,1
@DXXDXXV,2022ğŸ˜‚,3 years ago,1
@rashidabdow2182,Who is here 2022 plz giv likes..,3 years ago,0
@jermainandrews3382,Anyone here in 2022 ?,3 years ago,0
@ericapierre2929,Comedy,3 years ago,0
@ericapierre2929,Trump people,3 years ago,0
@ericapierre2929,African,3 years ago,0
@emmanueldecanha9423,Whoâ€™s here in 2022?ğŸ¤ªğŸ¤ª,3 years ago,0
@lepchaiki2606,Here 2022 march,3 years ago,0
@johnandreas6411,aleast at the end emmanuela should be honest to the doctor.she is being mean and naughty.,3 years ago,1
@alinoorhassan9900,2022,3 years ago,0
@josephmduduzi6366,I enjoyed Mark ND Denilson and Auntie Emmanuella  company no wonder what happened,3 years ago,0
@kassimawudu6213,Still here in 2022ğŸ’“ DhopeğŸ‘ŒğŸ‘Œ much love from Ghana ğŸ‡¬ğŸ‡­,3 years ago (edited),6
@RegentBella1,ğŸ¤£ğŸ˜‚ğŸ¤£ğŸ˜‚ Mark Iâ€™m not mad ğŸ¤£ğŸ¤£put me down right now: I told him !!!,3 years ago,2
@loloheakoto4689,Did you just say nigga nigga is a swear word,3 years ago,1
@annasofiuhh,hi,3 years ago,0
@Ashlo-Ren,I just randomly started saying â€œcan you perceive itâ€ and here I am back here in 2022 ğŸ¤£,3 years ago,3
@benmaya3153,He gonna call the popoğŸ˜ƒ,3 years ago,0
@benmaya3153,I miss him  so much  in marks. Comedy  Come  back    dens,3 years ago,0
@tatabawa2733,ğŸ¤£ğŸ¤£ğŸ‘,3 years ago,0
@tatabawa2733,"""oh niga mark your still the same""
ğŸ™†ğŸ»â€â™€ï¸ğŸ¤£ğŸ¤£ğŸ¤£ğŸ¤£
Denilson",3 years ago,0
@preciousqueen8263,ğŸ˜‚ğŸ¤£ğŸ˜‚ğŸ¤£,3 years ago,0
@EMDKk,po po ye,3 years ago,1
@EMDKk,2022 here,3 years ago,1
@á‰°áˆ˜á‹áŒˆá‰¥á‹¨áŠ áˆ«á‹³áˆáŒ…,Who's watching this in 2022. Denilson is the best ğŸ¤£ğŸ¤£ğŸ¤£,3 years ago,0
@Curtly11111,Anyone here in 2022ğŸ™‹,3 years ago,0
@hpr_amin9713,E,3 years ago,1
@hpr_amin9713,OLDER2MFOREVERCRNOWEBOTLIGHT,3 years ago,1
@mohamedabdifatah7158,Anyone here in 2022ğŸ˜‚ğŸ˜‚ğŸ˜‚,3 years ago,0
@nyakio1435,The n,3 years ago,0
@kenedits7050,Anyone here 2022ğŸ˜‚ğŸ˜‚ğŸ’ª,3 years ago,0
@bemancynthia7929,ğŸ˜‚,3 years ago,0
@eunicemena1592,hahaha,3 years ago,0
@khazimlamgolombane6782,Back here in 2022,3 years ago,0
@geefrm6197,2022 button,3 years ago,1
@braveboyvlogs1339,Denilsion u funny jokes men,3 years ago,0
@viviesprit7079,Lol lol ok lol lol lol lol,3 years ago,0
@FAITHASAURISBACK,Any one in 2022?,3 years ago,1
@patiencechimhanda3734,Taaaaa who's your pastor kkkkkkkkkkkkkkkk,3 years ago,0
@PaciDiscovaa,"Who is here 2022 I can't get enough with this comedy, Denilson was incredible!",3 years ago,1
@shareefa579,2022 now still looking at this video,3 years ago,0
@bioboymama1834,The earth is smelling ğŸ˜‚ğŸ˜‚ğŸ˜‚,3 years ago (edited),0
@JArt-draus,He should just shave to eradicate the smell. Easy peasy,3 years ago,0
@ndivhomahumele2427,Anyone here in 2022 ğŸ¤£ğŸ¤£,3 years ago (edited),1
@sharandevnair,Anyone here in 2022,3 years ago,1
@lia-wy7vq,Their cuss,3 years ago,0
@JordanPorterJ.A.P_Offical,0:34 0:35 0:41 0:42,3 years ago (edited),0
@JordanPorterJ.A.P_Offical,0:20 0:21,3 years ago,0
@IR09TheSequel,Theyâ€™re not even gonna point out that Emanuella put chicken shit on his beard,3 years ago (edited),0
@mondayedwin2707,Every thing z smelling ğŸ¤£ğŸ¤£ğŸ¤£ğŸ¤£ğŸ¤£ğŸ¤£ğŸ˜‚ğŸ˜‚ğŸ˜‚ğŸ˜‚ğŸ˜‚,3 years ago,0
@sulaymansanyang2025,From United States ğŸ¤£ğŸ˜…ğŸ˜ğŸ¤‘ğŸ˜„,3 years ago,0
@tikietokie,Anyone here in 2022? ğŸ¥°ğŸ¥³,3 years ago,0
@sherlinebazile9751,Anyone in 2022ğŸ‘‘,3 years ago,0
@redblaze28,2022 this still funny,3 years ago,0
@mr.urlaka4886,Anyone here in 2022 ??ğŸ˜†ğŸ˜†ğŸ˜†,3 years ago,1
@mariamakeita608,"jour video is funny  mi  and  mi mother mi mother 
kan  not forgot jour  tÃ¢ches
  emanula jour funny  an mark Jou too denilson k brown papa succsus
and succsus",3 years ago,0
@alhajibrahim3745,Shuuuuuuu shu menğŸ˜ğŸ˜ğŸ˜,3 years ago,0
@imanuelnicholas3358,God help  me  stop luchy,3 years ago,0
@alhajibrahim3745,ShuuuuğŸ˜‚ğŸ˜‚ğŸ˜‚ğŸ˜‚ğŸ˜‚,3 years ago,0
@Anifooty,Emmanuella is very nice,3 years ago,0
@privelegesarireni743,Iâ€™m here in 2021,3 years ago,0
@chinkyutshiek2478,Ihope have episode 80 caretaker series HHA,3 years ago,0
@mughakachopy2386,Anyone in 2021,3 years ago,0
@julisakeen3389,Okay leave the hair and at least dye the beard,3 years ago,0
@jonathankabila1193,Funniest of all your videos this na number one really i deaded i couldnt stop laughing,3 years ago,0
@sugarlipskashrynmejavone5254,"I don't know how many times have this for sure

Am here 2021",3 years ago (edited),1
@sarahssegawa6781,This guy will me seriously..  The earth is smelling,3 years ago,0
@keerongoberdan5644,He back,3 years ago,0
@samurs444,Anyone here in 2021ğŸ¤£ğŸ¤£ğŸ¤£ğŸ’¨,3 years ago,0
@Nagalim-p2t,Anyone again in 2021 november stiill.,3 years ago,0
@notfizzy8413,Did anyone realize Denison says the n word,3 years ago,1
@chenjelayikavaza3561,I still come back here And watch my man denilson,3 years ago,0
@AM1NE5,ğŸ¤£ğŸ¤£ hahahahah,3 years ago,0
@keforegenshatha9919,littğŸ‘ğŸ‘ğŸ‘ğŸ‘ğŸ‡§ğŸ‡¼,3 years ago,0
@mauryahillz3329,Anyone here in 2021ğŸ˜…ğŸ˜‚,3 years ago,1
@johariaissufo7669,"ğŸ˜ğŸ˜ğŸ˜ğŸ˜ğŸ˜ Denilson Igwe killed it  ğŸ‘ğŸ¿ğŸ‘ğŸ¿ğŸ‘ğŸ¿ I wish he didn't leave Mark Angel Comedy Team â˜¹ He's a great actor ğŸ™‚ğŸ‘ŒğŸ¿

Greetings from Mozambique ğŸ¥°",3 years ago,5
@theunitwins772,denilson sweared he said n word he nigga mark,3 years ago,0
@JustMudi4Real,LOOOOOOOOOOOOOOOOOL,4 years ago,0
@shactirooffical8044,pov; you watching 2021,4 years ago,0
@adebayomumeen4423,ğŸ”ğŸ•ğŸ˜ƒğŸ•ğŸ”,4 years ago,1
@tofs_,ğŸ˜‚ğŸ˜‚ğŸ˜‚,4 years ago,0
@ibrahimfirdaws389,ğŸ˜‚ğŸ˜‚ğŸ˜‚ğŸ˜‚ğŸ˜‚ğŸ˜‚ğŸ˜‚ğŸ˜‚ğŸ˜‚ğŸ˜‚ğŸ˜‚ğŸ˜‚,4 years ago,0
@maiberry314,he really said my n* mark lmao,4 years ago,0
@qeenbeeisbla8367,Emanuella is killing me with laughing ğŸ¤£ğŸ¤£ğŸ¤£ğŸ¤£ğŸ¤£ğŸ¤£ğŸ¤£ğŸ¤£ğŸ¤£ğŸ¤£ ğŸ¤£ğŸ¤£ğŸ¤£ğŸ¤£ğŸ¤£ğŸ¤£ğŸ¤£ğŸ¤£ğŸ¤£ğŸ¤£ğŸ¤£ğŸ¤£ğŸ¤£ ğŸ¤£ ğŸ¤£ğŸ¤£ğŸ¤£ğŸ¤£ğŸ¤£,4 years ago,0
@unikedymutuna5657,Your clof is smelling ğŸ¤£ğŸ¤£ğŸ¤£ğŸ¤£,4 years ago,0
@meshowonly,Denilson and Baze10 together,4 years ago,0
@meshowonly,Yellow chicken poo loooooooool,4 years ago,0
@jhanaymckenzie2974,No mark no trump has killed me o lol,4 years ago,0
@adebayomumeen4423,Send me more,4 years ago,0
@drizzydeluxe,2021 ğŸ˜©â˜ºï¸ğŸ˜…ğŸ˜‚,4 years ago,0
@patriciamirekuah1031,Mark Angel me i'm your fan i like your video on youtube,4 years ago,0
@nate_kams,Who is here 2021 ğŸ’ªğŸ¾â¤ï¸â¤ï¸ğŸ˜‚ğŸ˜‚ğŸ˜‚ğŸ˜‚ğŸ˜‚ğŸ˜‚ğŸ˜‚ğŸ˜‚ğŸ˜‚ğŸ˜‚ you guys are men men ğŸ¤£ğŸ¤£ğŸ¤£,4 years ago,1
@shanetaylor2989,Who else is here in 2021 ğŸ‘âœ‹ğŸ¤£ğŸ¤£ğŸ¤£,4 years ago,1
@robertlangat8306,Anyone here in 2021 ğŸ¤·,4 years ago,0
@nomatterkambeni5473,What we use to do is BuhariğŸ˜…ğŸ˜…,4 years ago,0
@streetfightergangrayano9206,2021 who ğŸ˜‚,4 years ago,1
@dramalegend1686,Anyone in 2021,4 years ago,0
@phamnguyenhuy2655,6:28 Man City after CL finals,4 years ago,4
@riy0ogeohakim98,Mark men ok letâ€™s forget about this men thingğŸ¤£ğŸ¤£ğŸ¤£ğŸ¤£ğŸ¤£,4 years ago,0
@Bareh843,I miss Dinison,4 years ago,2
@demanchidi5256,"What's going on?
It seems Nigerian government is shutting down social media against Nigerians.
Both Facebook and WhatsApp are not functioning.
Is any other person experiencing it?",4 years ago,0
@allirog,Anyone here in this lockdown?,4 years ago,0
@nomatterkambeni5473,But why you separated guysğŸ¤”,4 years ago,0
@kimboi9240,Anyone in 2021 ğŸ‘âœ‹ğŸ˜‚ğŸ¤£ğŸ¤£,4 years ago,3
@jmmd8439,ğŸ¤£ğŸ¤£ğŸ¤£ğŸ¤£ğŸ¤£ğŸ¤£ğŸ¤£ğŸ¤£ğŸ¤£ğŸ¤£ğŸ˜‚ğŸ˜‚ğŸ˜‚ğŸ˜‚ğŸ˜‚ğŸ˜‚ğŸ˜‚ğŸ˜‚ğŸ˜‚ğŸ˜‚ğŸ˜‚ğŸ˜‚ğŸ˜‚ğŸ˜‚ğŸ˜‚ğŸ˜‚ğŸ˜‚ğŸ˜‚ğŸ˜‚ğŸ˜‚ğŸ˜‚ğŸ˜‚ğŸ˜‚ğŸ˜‚ğŸ˜‚ğŸ˜‚ğŸ˜‚ğŸ¤£ğŸ¤£ğŸ˜‚ğŸ¤£ğŸ˜‚ğŸ˜‚ğŸ˜‚ğŸ¤£ğŸ˜‚ğŸ¤£ğŸ˜‚ğŸ¤£ğŸ˜‚ğŸ˜‚ğŸ˜‚ğŸ˜…ğŸ˜‚ğŸ˜‚ğŸ˜…ğŸ˜…ğŸ˜…ğŸ˜‚ğŸ˜‚ğŸ˜‚ğŸ˜…ğŸ˜‚ğŸ˜…ğŸ˜‚ğŸ˜…ğŸ˜‚ğŸ˜…,4 years ago,0
@skellythecharva,0:22 DENILSON SWEARED,4 years ago,1
@noklangff9855,Anyone 2021â¤ï¸,4 years ago,0
@rosie6017,"The part when he said ``TRUMP HAS KILLED ME OOOO"" I'm dyingğŸ˜‚",4 years ago,0
@kimberlylawson2152,This is so funnyğŸ¤£,4 years ago,0
@Imverybored.,Meee!,4 years ago,0
@7vn645,Well he got the N card so it's not a problem,4 years ago,0
@jimmuelabonales9812,"I wish Mark Angel comedy and Denilson Igwe comedy make a collab someday. 2021, still watching this episode.",4 years ago,10
@tiakim3479,Haha Emanuella you are great . ğŸ¤£ğŸ¤£ğŸ¤£,4 years ago,0
@rozanneclaudettemoses3509,ğŸ¤£ğŸ¤£ğŸ¤£,4 years ago,0
@LazCombos,ğŸ˜‚ğŸ˜‚ğŸ˜‚ğŸ˜‚,4 years ago,1
@SATGUNLEN123_,Legend watching in 2021ğŸ”¥ğŸ˜†ğŸ¤£,4 years ago,0
@edithosemwegie7727,God,4 years ago,1
@Bintumanzo,Anyone here from 2021,4 years ago,0
@steve-rk3zb,I love this Esposdes ğŸ’—ğŸ’—ğŸ’— Thank you Mark Angel â¤ï¸,4 years ago,2
@aminarahaman7574,Can anybody check how much men deilson said1000,4 years ago,0
@samsonklmkimani5099,Denilson I love you okay . you're talented,4 years ago,0
@nduduzodludla7506,As for the accent ğŸ˜‚ğŸ˜‚,4 years ago,0
@PhilaArtistry,My favourite. â¤ï¸â¤ï¸â¤ï¸â¤ï¸ğŸ˜‚ğŸ˜‚ğŸ˜‚ğŸ˜‚ğŸ˜‚,4 years ago,0
@mayy2643,"From philippines baby. Kanye west   
baby.",4 years ago,0
@fatoumatasillah2343,Shu shu menğŸ˜‚ğŸ˜‚ğŸ˜‚ğŸ˜‚ğŸ˜‚ğŸ˜‚,4 years ago,1
@jungkookJEON-oz7le,Anyone here in 2021,4 years ago,0
@Gaani2026,"""Your room is there"" ğŸ˜‚ğŸ˜‚",4 years ago,0
@ms.clarinaclair9946,2021..missing Denilson,4 years ago,0
@3dtv892,Who else is here from 2021 and miss denilsonğŸ˜¥ğŸ˜¥ğŸ˜¥,4 years ago,0
@Sonicfan-qx3sr,"You look like father Christmas that don't have money
That almost killed me ğŸ˜‚ğŸ˜‚ğŸ˜‚ğŸ˜‚",4 years ago,0
@tashaundramuzangaza2297,Donald trump ooh,4 years ago,0
@JusticeMyikweLeague,They just did one collabo,3 years ago,0
@susannawharton2089,ğŸ˜ğŸ˜ğŸ˜ğŸ˜˜ğŸ˜˜â¤â¤,4 years ago,0
@jenniferigboanugo602,Everything is smelling the earth is smelling I die of laughter ğŸ˜‚ğŸ¤£ğŸ˜€ğŸ˜ƒğŸ˜„ğŸ¤£ğŸ¤£ğŸ¤£,4 years ago,0
@mielle-m8,Its I'm going to call the po - po for me,4 years ago,0
@Natey_B,Love from Kenya,4 years ago,1
@favouridechukwuka2390,Daddy Wizkid yesterday Wizkid,4 years ago,0
@favouridechukwuka2390,Trump trump trump super dancer super dancer super dancer super dancer super dancer,4 years ago,0
@purgeac_yt655,"Oh my n** Mark, you still the same, looking good though ğŸ¤£ğŸ¤£ğŸ¤£ğŸ¤£ğŸ¤£ğŸ¤£ğŸ¤£ğŸ¤£",4 years ago,0
@joiyb4523,Yong Man You're Saying Tump Oya Say it Again ğŸ˜‚ğŸ˜‚ğŸ˜‚,4 years ago,1
@bediisbedi8965,FunnyğŸ˜‚ğŸ˜‚ğŸ˜‚ğŸ˜‚ğŸ˜‚ğŸ˜‚ğŸ˜‚ğŸ˜‚ğŸ˜‚ğŸ˜‚ğŸ˜‚ğŸ˜‚ğŸ˜ŠğŸ˜‚ğŸ˜‚ğŸ˜‚ğŸ¤£ğŸ¤£ğŸ¤£ğŸ˜‚ğŸ˜‚ğŸ˜‚ğŸ˜‚ğŸ˜‚ğŸ˜‚ğŸ˜‚ğŸ˜‚ğŸ˜‚ğŸ˜‚ğŸ˜‚ğŸ˜‚ğŸ˜‚ğŸ˜‚ğŸ˜‚ğŸ˜‚ğŸ˜‚ğŸ˜‚ğŸ˜‚ğŸ˜‚ğŸ˜‚ğŸ˜‚ğŸ˜‚ğŸ˜‚ğŸ˜‚ğŸ˜‚ğŸ˜‚ğŸ˜‚ğŸ˜‚ğŸ˜‚,4 years ago,0
@zankyfancon6085,Anyone here in  2021,4 years ago,0
@konsamloyangambasingh892,Omg!!! Seems yesterday only you have been asking for 1M subscriber. But now you have reached 7.7M subscriber . KudosğŸ˜œğŸ˜œğŸ˜œ,4 years ago,0
@kadishaleatham2454,Denison  trump is bad,4 years ago,1
@raven_playz2081,"""THIS IS TRUMP, TRUMP BABY TRUMP!!!",4 years ago,1
@qhekutoshohe4093,Actually mark angel guy act too much fool......,4 years ago,0
@jarvizz-yt9582,emmanuella make denilson make mad haah,4 years ago,0
@samueltadesseabebe5463,I can stop laughing ğŸ˜‚ğŸ˜‚ğŸ˜‚ğŸ˜‚ğŸ˜‚,4 years ago,0
@onicasquires,I love watching Mark angel comedy it make me happy and make me laugh when I'm feeling down â¤ï¸â¤ï¸â¤ï¸ğŸ’•ğŸ’•ğŸ’•ğŸ’•ğŸ’•ğŸ’•,4 years ago,1
@aaliyah-xtbs,LolğŸ˜‚,4 years ago,0
@aaliyah-xtbs,THIS IS  SO FUNNY  LOVE FROM SOMALIA,4 years ago,0
@jacquelineseay6774,ğŸ˜ğŸ˜,4 years ago,0
@joiyb4523,Wow that is So Funny ğŸ˜‚ğŸ˜‚ğŸ˜‚,4 years ago,1
@Justkaylaplayz,i am in laguhter from watching this,4 years ago,1
@goeyteng1528,Denilson sound like minecraft villager,4 years ago,1
@poisonedxboxyt,DEMONITISATION 101,4 years ago,0
@theaondracawley5441,"Dwl, Trump Denilson the best.",4 years ago,0
@dianawatiangu1579,Can I chat with Emmanuela,4 years ago,1
@zhorae3508,Watch kanye west baby that is the part 2 and u can like me later,4 years ago,0
@joiyb4523,ğŸ‚ğŸ“±,4 years ago,1
@abiolaambrose9164,Trump dead,4 years ago,0
@SyamAxylum93,I lovebDenilson wgen he still on Mark team rather than his own comedy.. ğŸ˜”ğŸ˜”ğŸ˜”,4 years ago,0
@renlo1314,"Last time i saw this, i was only laughing about the troll
It's been 2 years now and i'm laughing about the hidden messages in the vid. 
In real life, a mad person is exactly who you look like when trying to imitate and act after a culture that you weren't born with. 
This video, i think, is by far the best one you guys ever made.",4 years ago,1
@fw.gojo0009,ğŸ˜‚ğŸ˜‚ğŸ˜‚ğŸ˜‚ğŸ˜‚ğŸ’©ğŸ’©,4 years ago,0
@jhadieboo2283,The earth is smelling,4 years ago,3
@Platez55,Homemade trumpğŸ˜‚ğŸ˜‚,4 years ago,0
@rinzler387,Ive watched this 'bout a thousand times so ğŸ˜‚ğŸ˜‚ğŸ˜‚,4 years ago,0
@frohugo75,Put em back to hospital,4 years ago,0
@mahendrasarsambe9394,Please bring back Denilson,4 years ago,0
@nataliomarrime2530,"""Doctor u said u were perceiving it, how come are u not taking the injection!?""",4 years ago,0
@UNZ_TY,Love from ireland your vids are the best,4 years ago,1
@dappiah6,Jesus Loves You!!,4 years ago,0
@nsabimanajeanberchmans4641,You're right,4 years ago,0
@mentallyill12ki80,"Lol I remember the day My cousin came from north America , and he forgot his west African sense after that my mom had to put some serious  sense in him.ğŸ˜‚ğŸ˜‚ğŸ¤£",4 years ago,0
@theylovebrie4,Anyone  here in 2021,4 years ago (edited),2
@Ritathebestedit24,ğŸ¤£ğŸ¤£ğŸ¤£ğŸ¤£,4 years ago,1
@Aniah11367,You mean 2021,4 years ago,1
@rakshitharachu649,"Love from indiaa ğŸ˜
The way denilson uncle say shu men shu ğŸ˜…drives away all my stress ğŸ˜‚ğŸ˜‚ğŸ¤£",4 years ago,14
@Horanghae_Junanghae9696,He have said the n words,4 years ago,1
@slowdns3694,How many of you miss denilson,4 years ago,0
@Flarejamstudio1,i had to stop whatching because i was loughing so hard i nearly stopped breathing....the smelling partğŸ˜‚ğŸ˜‚ğŸ˜‚ğŸ˜…,4 years ago,0
@nalyssajoseph5790,The laughing from the background is making it more funny,4 years ago,0
@sasmitaaich7552,I am from India I like your video so much,4 years ago,0
@justtahagoodthings695,Denilson: Something is Smelling,4 years ago,0
@elroyhendrickson95,I don't like this ğŸ˜• ğŸ˜ ğŸ˜­ğŸ˜­,4 years ago,0
@dorothyndonde9339,I actually smelled that chicken poop,4 years ago,0
@weslykigen4687,Wat of today,4 years ago,0
@karabomphuti1882,Denilson have mad ooooh ğŸ˜‚ğŸ˜‚ğŸ˜‚,4 years ago,0
@rachelsmith3233,this is not we learn in usa i am in usa right now,4 years ago,0
@NotJules15,"Denilson, this one your hair and beard is rough like this ğŸ˜‚ğŸ˜‚ğŸ˜‚",4 years ago,2
@anshikaa959,"Love you guys

Love from india",4 years ago,0
@miles-iv9np,Why is common instead of come on,4 years ago,0
@miles-iv9np,Why the subtitles are incorrect,4 years ago (edited),0
@chrisahn8483,"The permissible weasel ultrasonically wander because breath endogenously strip a a aboriginal bangladesh. grouchy, silent stove",4 years ago,0
@jeremymoussaouyi2304,Hahahahahahaahahahahahahha,4 years ago,0
@jeremymoussaouyi2304,Ahha,4 years ago,0
@jeremymoussaouyi2304,Trump,4 years ago,0
@jeremymoussaouyi2304,Haha,4 years ago,0
@barna-rayhumphrey5214,ğŸ˜‚ğŸ˜‚ğŸ˜‚ğŸ˜‚ğŸ˜‚ğŸ˜‚ğŸ˜‚ğŸ˜‚ğŸ˜‚ğŸ˜‚ğŸ˜‚ğŸ˜‚ğŸ˜‚,4 years ago,1
@siphosethumnyakeni5496,This guy is crazy,4 years ago,0
@judyprecious9353,2021 anyone?,4 years ago,1
@rovillian3rblx981,Dame do not say nigga it is a racist word,4 years ago,0
@purgeac_yt655,"'' Oh my n** Mark, You look the same looking good though"" ğŸ¤£ğŸ¤£ğŸ¤£ğŸ¤£ğŸ¤£ğŸ¤£ğŸ¤£",4 years ago,0
@saskiasinester8736,Emma did it thats why everything is smelling ğŸ˜‚ğŸ˜‚ thats too funny,4 years ago,0
@saskiasinester8736,ğŸ˜‚ğŸ˜‚,4 years ago,0
@neillcreates._.06,ğŸ¤£ğŸ¤£ğŸ¤£ğŸ¤£ğŸ¤£,4 years ago,0
@kicreator7036,â€œPut me down right now!â€ ğŸ˜‚ğŸ˜‚ğŸ˜‚,4 years ago,12
@gamingwithcaleb91,Hey Denilson have run mad ooooooo,4 years ago,0
@marcenatnadialie884,This is so funny,4 years ago,0
@jamalcox1569,"Watching from guyana ğŸ‡¬ğŸ‡¾, very much enjoying it",4 years ago,0
@DeAndreOfficialChannel,7:10 hope your not taking injection ğŸ¤£ğŸ¤£ğŸ¤£ğŸ¤£ğŸ¤£,4 years ago,3
@jacquelineseay6774,ğŸ˜,4 years ago,0
@lix_jk1736,He's smelly his nose but search everything,4 years ago (edited),1
@namhlaokuhlemngxati9163,Lol,3 years ago,0
@ajaytawe9948,Anyone here in 2021 ğŸ¤£ğŸ˜‚,4 years ago,0
@sv7gaming160,This is trump baby,4 years ago,0
@kebbasjuwarathepanaceapoet6036,We miss Denilson oo,4 years ago,0
@bukolaidowu1991,You mean Joe Biden,4 years ago,0
@purpelvortex,"""Even this place, something is smelling"" got me ğŸ¤£ğŸ¤£ğŸ¤£",4 years ago,4
@carolmabetha7523,Denilson igwe and mark angel made a good team.,4 years ago,0
@katuwilson8125,I like this video. Mark. angel comedy funny,4 years ago,0
@dariking4052,I love this I youâ€™s to watch this with my AFRICAN and ROMANIAN family thank you ğŸ™ so much mark angel ğŸ˜‡ you make my day ğŸ˜ŠğŸ˜Š,4 years ago,1
@lise-saskiaashleyjoseph8318,I love when Emmanuella put the poop in uncle Denilson laugh so much ğŸ¤£ğŸ¤£ğŸ¤£ğŸ¤£,4 years ago,1
@Godofdavid,Something was smelling ğŸ¤£,4 years ago,0
@richardlindsay448,ğŸ˜‚ğŸ˜‚ğŸ˜‚ğŸ˜‚ğŸ˜‚ğŸ˜‚ğŸ˜‚ğŸ˜‚ğŸ˜‚ğŸ˜‚â˜ğŸ¾ğŸ‡¯ğŸ‡²âœŠğŸ¿,4 years ago,0
@butterflies7197,This man did not just call Mark the N-word,4 years ago,0
@ceciliaahenkoraadarkwa3525,ğŸ‚ğŸš—ğŸ˜™ğŸ˜˜ğŸ˜ƒğŸ¥°ğŸ˜„ğŸ˜œâ˜ºï¸ğŸ˜³ğŸ˜Šâ¤ï¸ğŸˆğŸ¥«ğŸš—â£ï¸ğŸ‘ŒğŸ™ğŸ’•ğŸ˜˜ğŸ¾ğŸ¥‚ğŸ‚ğŸ’©ğŸ˜ŠğŸ’œğŸ‰ğŸğŸ˜ƒğŸ’–â˜ºï¸ğŸ’“ğŸ’¯ğŸ‘ğŸ˜ğŸ’—ğŸ¡ğŸ¥°ğŸ˜„ğŸ¥°ğŸ˜³ğŸ˜³ğŸ¸ğŸ’ğŸ‘‹ğŸ˜‚ğŸ˜ï¸,4 years ago,0
@keyuant,0:21 what the f*ck did u say?,4 years ago,0
@JoshuaFreirezDoesMinecraft,"The spotless tail simulteneously stain because finger aesthetically miss than a verdant engineer. rebel, craven buffer",4 years ago,0
@johnsonharry4231,This is the last time we r seeing Denilson,4 years ago,0
@shivaarjeeawon8806,0:22 ummmm wat tha hell!?,4 years ago,1
@cyber_acebgbmgo1333,Fun fact: people who ae not foreigners they only know is wassup man,4 years ago,0
@cyber_acebgbmgo1333,This is actually so true right now im filipino and im from philippines and also my cousin acts like a america the this is one of my reasons why i dont wanna come to united states of america its because when ever we will se a black dude he wil start saying Wassup my homie wassup my nigga he learn those in gta v,4 years ago,0
@stevenpaulponaganti8624,So glad to see Denilson Back,4 years ago,0
@ruthannrussell9600,It has been two years and I am still watching this comedy ğŸ˜‚ğŸ˜‚,4 years ago,52
@dashadnottage699,HağŸ˜‚,4 years ago,0
@cjoseph29654,its the nigga mark for for mr anyone in2021 watching.,4 years ago,0
@kevintv8377,emanuella such a idiot,4 years ago,0
@pinkcatz00,The earth is smelling ğŸ¤£ğŸ¤£ğŸ¤£,4 years ago,0
@mary-janeokpala7972,",ğŸ˜‚ğŸ˜‚ğŸ˜‚ğŸ˜‚ğŸ˜‚ğŸ˜‚",4 years ago,0
@steve_agatsuma007,"Love from India,Mizoram",4 years ago,0
@nadiacharles9341,ğŸ¤£ğŸ¤£ğŸ¤£ğŸ¤£ğŸ¤£ğŸ¤£,4 years ago,0
@irenewon2867,The,4 years ago,0
@stay_peachyzzz8351,Chinkeke kidema,4 years ago,0
@stay_peachyzzz8351,Lololololololo,4 years ago,0
@robloxwithmarvelous1600,Love from USA,4 years ago,0
@SimplyDami12,We don't do Trump here it's Buhari that we do lol,4 years ago (edited),1
@komerarabeua4113,OMG all these videos of Mark Angel comedy is bringing tears into my eyes.ğŸ¤£ğŸ¤£ğŸ¤£ğŸ¤£ğŸ¤£ğŸ¤£ love from FijiğŸ˜˜ğŸ˜˜ğŸ˜˜,4 years ago,0
@carolinekihumba1176,I'm from Africa and I love it so much but I'm in America and I want to go back,4 years ago,0
@johnwakahiu9148,ğŸ¤£ğŸ¤£ğŸ¤£ğŸ¤£Denisil  my guy,4 years ago,0
@janettedington9176,"The eager vest peroperativly colour because peen minimally tumble alongside a phobic salad. well-to-do, public quince",4 years ago,0
@peterkarume581,ğŸ¤£ğŸ¤£ğŸ¤£ğŸ¤£ğŸ¤£,4 years ago,0
@binti_jannet,Denilson should be back officially 2021ğŸ¤£ğŸ¤£ğŸ¤£ğŸ¤£,4 years ago (edited),0
@chichuthirupathi,Ha Ha ha ğŸ˜‚ğŸ˜‚ğŸ˜‚,4 years ago,0
@MaliyahBatchilly,"ğŸ˜¢hi
This account is not real ğŸ˜‚",1 year ago,1
@w3nd328,Please guys I beg you do at least one more skit with denilson I wanna see it again please Iâ€™m one of your fan give me that at least please,4 years ago,0
@amekalatifahnickiminaj,dml.........,4 years ago,0
@shaad-hk6vk,ğŸ˜†ğŸ˜†ğŸ˜†ğŸ˜ƒ,4 years ago,0
@cherishiriogbe4571,Im a Nigerian  and i live in north America and i don't  even talk like this ğŸ¤£ğŸ˜‚ğŸ¤£,4 years ago,0
@NingaWay,My nigga markğŸ˜‚,4 years ago,0
@EpiclyBlueMoon,0:21 holy shit,4 years ago,0
@rinahmpofu5334,Shuuu man,4 years ago,0
@ajpersona,2021? Anyone?,4 years ago,1
@luishun0745,Did he say shoe or shoo,4 years ago,0
@jeambacalo3196,Denilson was the best!,4 years ago,0
@olivia3674,WHEN HE SAID. UR CUTE TO EMANUELLA SHE WAS LIKE IM NOT CUTE,4 years ago,1
@carolndwigah5797,I love you guys are the best funny comedy show ğŸ§¡ğŸ’šğŸ’™ğŸ’™ğŸ’ğŸ’•ğŸ˜ƒğŸ˜…ğŸ¤£ğŸ’ğŸ¥°ğŸ˜ğŸ¤©ğŸ’•ğŸ’ğŸ’‹ğŸ‘ğŸ’ªğŸŒ¹ğŸŒºğŸŒ¸ğŸŒˆ,4 years ago,1
@lyndachinenyeikejiaku8944,Don't do trump ğŸ˜‚ğŸ˜‚ğŸ˜‚ğŸ˜‚ğŸ˜…,4 years ago,1
@Seasonedhunter114,Why Denilson is no longer doing comdey with mark angel?,4 years ago,0
@cofchege,Denilson was always the best,4 years ago,0
@isimbisoniaines29,Love from Rwanda ğŸ‡·ğŸ‡¼,4 years ago,0
@aliciadaure5948,After i watched this i was laughing ğŸ¤£ğŸ¤£ğŸ¤£ğŸ¤£ğŸ¤£,4 years ago,0
@islanderobart7217,WOW !! You guys are phenomenal ğŸ‘ğŸ½â¤ï¸â¤ï¸â¤ï¸â¤ï¸ğŸ‘ğŸ½ğŸºâ¤ï¸ğŸ‘ğŸ½,4 years ago,0
@Besami,"Was I the only one who thought this was about the ""Make America great again"" president??ğŸ˜‚ğŸ¤£ğŸ˜‚ğŸ¤£",4 years ago,0
@mgk4908,Is that success by the gate?ğŸ¤£,4 years ago,0
@destichikwe,this aged well lmfaooo,4 years ago,0
@nyomecharles3653,ğŸ˜‚ğŸ˜‚ğŸ˜‚ğŸ˜‚ğŸ˜‚ğŸ˜‚ğŸ˜‚ğŸ˜‚ğŸ˜‚ğŸ˜‚ğŸ˜‚ğŸ˜‚ğŸ˜‚ğŸ˜‚ğŸ˜‚ğŸ˜‚ğŸ˜‚ğŸ˜¶ğŸ˜‚ğŸ˜‚ğŸ˜‚ğŸ˜‚ğŸ˜‚ğŸ˜‚ğŸ˜‚ğŸ˜‚haaaaaa aaaaaaaaaaaaaaaaaa,4 years ago,0
@gandangpinay2158,"â€œYou look like father Christmas who donâ€™t have moneyâ€ ğŸ˜‚ğŸ˜‚ğŸ˜‚
We had a neighbor like this, she went to Manila (Capital of the Philippines) then when she returns back to our province she acts like Denilson pretending like sheâ€™s not the province girl we knew before, but she still is ğŸ˜‚ğŸ˜‚ğŸ˜‚",4 years ago,78
@hashimabdi565,Chineke it's Trump menğŸ˜…ğŸ˜… Trump has kill me,4 years ago (edited),2
@zxcg7547,0:22 lol,4 years ago (edited),0
@Thandiwe.1234,I love you guys,4 years ago,1
@glorysuting7306,2021 knockdown,4 years ago,1
@margaretmaughn6923,Denlison lwge has gone mad.,4 years ago,1
@myrlenedieuveillle2571,"0:50 We dont use to do 
 trump here o.
We used to do buhari ğŸ˜­ğŸ˜‚ğŸ˜­ğŸ˜‚",4 years ago (edited),0
@StoriesGam,I'm  born and raised in the UK but I love to watch Africa I learn so much thing from Africa comedy ğŸ˜ğŸ˜˜ğŸ˜˜,4 years ago,16
@luisricardosantos2139,"Until 2021 it's now ""Biden"" today hahahahahahahaha",4 years ago,0
@luisricardosantos2139,"0:21 The first ""N-word"" i heard from mark angel comedy hahahahahahahahahahahahahahahaha",4 years ago,0
@thamisoednah7173,What ğŸ˜‚ğŸ˜‚ğŸ˜‚ğŸ˜‚ğŸ˜‚,4 years ago,0
@lucydacosta2856,6:27,4 years ago,1
@hadassahboateng8759,ğŸ˜‚ğŸ˜‚ğŸ˜‚ğŸ˜‚ğŸ˜‚ğŸ˜‚ğŸ˜‚ğŸ˜‚ğŸ˜‚ğŸ˜‚ğŸ˜‚ğŸ˜‚ğŸ˜‚ğŸ˜‚ğŸ˜‚ğŸ˜‚ğŸ˜‚ğŸ˜‚ğŸ˜‚ğŸ˜‚ğŸ˜‚ğŸ˜‚ğŸ˜‚ğŸ˜‚ğŸ˜‚,4 years ago,0
@mireilletusse9871,Your tricky emmauella is realy cute,4 years ago,0
@liliana1951,Whow much money do they have,4 years ago,0
@annemaaac9899,So funny thanks I love it,4 years ago,0
@memetrashbin3061,Trump has killed us all,4 years ago,1
@mr.g0d490,naaaaaaaa,4 years ago,0
@ndlandlamukowanga,Hahahaha ğŸ˜…ğŸ˜‚ğŸ˜…ğŸ˜…ğŸ˜‚ğŸ˜…ğŸ˜‚ğŸ˜…ğŸ˜‚ğŸ˜…ğŸ˜‚ğŸ˜…ğŸ˜‚ğŸ˜…ğŸ˜‚ğŸ˜…,1 year ago,2
@nakimulihairah798,Hahahahaa something is smellingğŸ˜‚ğŸ˜‚ğŸ˜‚ğŸ˜‚ğŸ˜‚ğŸ˜‚ğŸ˜‚ğŸ˜‚ğŸ˜‚,4 years ago,0
@nakimulihairah798,Emmanuela shu shu...men...menğŸ¤£ğŸ¤£ğŸ¤£ğŸ˜‚ğŸ˜‚ğŸ˜‚ğŸ˜‚ğŸ˜‚,4 years ago,0
@hazelrono9601,Si pendi vele ana sema men,4 years ago,0
@Beiuspeak,I laugh so much hahaha,4 years ago,0
@miwu8287,I have watched 50 times and i hope he would came back with you guys just like the good old days like COMBANTRIN,4 years ago,1
@JK007-JD,ğŸ˜‚ğŸ¤£ğŸ¤£ğŸ˜‚ğŸ¤£ğŸ˜‚ğŸ¤£ğŸ˜‚,4 years ago,0
@janettedington9176,"The unkempt sand corroboratively wander because jellyfish contextually crawl athwart a onerous cabbage. unnatural, waggish cocktail",4 years ago,0
@farajaomari2144,Men... men.. men..lol,4 years ago,0
@Infernoyolo222,"Denison was one of the best... 
I just want Denison backğŸ˜‡",4 years ago,0
@toyinomidire340,Ikr,4 years ago,0
@toxicnoodle5146,I miss Uncle denison;(,4 years ago,0
@shellonaustin6371,Men   men   men   men,4 years ago,1
@wilsonchadeleka2407,Omg  you look like father Christmas whose brokeğŸ¤£ğŸ¤£,4 years ago,0
@clashoclan3371,He went from African to African American,4 years ago,1
@rodahjebiwot8288,"Ya  
This.  Is.  Sooo.  Funny ğŸ˜ and my sisters.  Love. This. Episode itâ€™s. So. Funny",4 years ago,0
@aphmaufangirl2036,I love mark angel comedy,4 years ago,0
@Flavourblazzer3,Hahahahaha2020ğŸ˜‚ğŸ˜‚ğŸ˜‚ğŸ˜‚ğŸ˜‚ğŸ˜‚ğŸ˜‚ğŸ˜‚ğŸ˜‚ğŸ˜‚ğŸ˜‚ğŸ˜‚ğŸ˜‚ğŸ˜‚ğŸ˜‚ğŸ˜‚ğŸ˜‚ğŸ˜‚ğŸ˜‚ğŸ˜‚ğŸ˜‚ğŸ˜‚ğŸ˜‚ğŸ˜‚ğŸ˜‚ğŸ˜‚ğŸ˜‚ğŸ˜‚ğŸ˜‚ğŸ˜‚ğŸ˜‚ğŸ˜‚ğŸ˜‚,4 years ago,0
@hamamule4060,Anyone here in 2021,4 years ago,1
@kokoumanah5902,Iâ€™m watching this in 2021Are you watching in 2021,4 years ago,0
@ellenharrison8914,"The doubtful fall morally care because quail additionly wave amongst a shut bit. guttural H habitual, kind nation",4 years ago,0
@thegreatentertainmentchann1772,Trump has killed me oh ğŸ˜‚ğŸ˜‚,4 years ago,0
@00Cyclo,The world is smelling  ğŸ˜‚ğŸ˜‚ğŸ˜‚ LOL.I love Denison,4 years ago,2
@joymitchell392,I laughed the food out of my mouth ğŸ¤£ğŸ˜‚ğŸ¤£ğŸ˜‚ğŸ¤£,4 years ago,0
@beenamaharaj9861,Doing a fantastic job,4 years ago,0
@Officialblue51,Its making me laugh so hardğŸ¤£ğŸ¤£ğŸ¤£ğŸ¤£ğŸ¤£ğŸ¤£ğŸ¤£ğŸ¤£ğŸ¤£ğŸ¤£ğŸ¤£ğŸ˜ğŸ˜ğŸ˜ğŸ˜ğŸ˜,4 years ago,0
@kerethat1683,ğŸ¤£ğŸ¤£ğŸ¤£ğŸ¤£ you made a big mistake when you told Emanualla to !!!!shu ğŸ¤£ğŸ¤£ğŸ¤£ğŸ¤£ğŸ¤£ğŸ¤£ğŸ¤£ğŸ¤£,4 years ago,0
@kerethat1683,ğŸ¤£ğŸ¤£ğŸ¤£ğŸ¤£ğŸ¤£ğŸ¤£ everything is smelling ğŸ¤£ğŸ¤£ğŸ¤£ğŸ¤£ğŸ’¯ğŸ’¯ğŸ’¯ğŸ’¯â™¥ï¸â™¥ï¸â™¥ï¸â™¥ï¸,4 years ago,0
@kaelahtvshowandlivegaming6855,Anyone  here in 2021ğŸ‘,4 years ago,0
@skarra3796,I miss Denilson,4 years ago,1
@briyendimorris44,I hate you emmanuellağŸ‘¹ğŸ‘ºğŸ‘»ğŸ‘½ğŸ‘¾ğŸ¤–ğŸ˜¾ğŸ˜¼,4 years ago (edited),1
@andrewmanig6648,Trump,4 years ago,1
@yourdoingtoomuchbuddy,when delison does trappin,4 years ago,0
@amitangara1064,Who see that baze 10 is the doctor best caretaker ğŸ¤£ğŸ¤£ğŸ¤£ğŸ¤£ğŸ¤£ğŸ¤£ğŸ¤£ğŸš´ğŸ¤£,4 years ago,0
@piarowe2436,2021,4 years ago,0
@jtouray29,Emanuella Samuel,4 years ago,0
@jtouray29,This funny video is very Denilson igwe very like is clown.,4 years ago,0
@semeremanchawi1228,Shu shu men shu,4 years ago,0
@semeremanchawi1228,People from usa should see this,4 years ago,0
@DeAndreOfficialChannel,7:14 Mark has killed me ğŸ˜­ğŸ˜‚ğŸ˜­ğŸ˜‚ğŸ˜­ğŸ˜‚ğŸ’¶ğŸ’´ğŸ’¶ğŸ’´,4 years ago (edited),0
@DeAndreOfficialChannel,6:43 ğŸ’´ğŸ’¶ğŸ’´ğŸ’¶ğŸ’´ ğŸ¤£ğŸ¤£ğŸ¤£ğŸ¤£ Mark letâ€™s forget about this men thing,4 years ago (edited),0
@krisplayz3562,Give a thumbs up if you think this video is funny!,4 years ago,0
@niceupdate1946,Who still watching 2021,4 years ago,2
@greenfield4414,"No doubt at all,  Mark Angel did miss this guy Denilson; I really missed him for sure!",4 years ago,0
@kenekenechukwu7274,ğŸ˜‚ğŸ¤£ğŸ¤£ğŸ¤£ğŸ¤£ğŸ¤£ğŸ¤£ğŸ¤£ğŸ¤£ğŸ¤£ğŸ¤£ğŸ¤£,4 years ago,0
@monawaramalicol6147,Shu... Shu...ğŸ˜†ğŸ˜†ğŸ˜†ğŸ˜†,4 years ago,0
